Date,01,02,03,04,05,06,07,08,09,10,11,12
1950-01-01,0.14163961529746127,0.13490223975830906,0.08587993742559955,0.14532888398888677,0.032865695398711814,0.00820768086790511,0.005341924779158859,0.008441319251790718,0.014181819515478934,0.026489310144513376,0.24966536423233887,0.17131313985638674
1950-02-01,0.13490223975830906,0.08587993742559955,0.14532888398888677,0.032865695398711814,0.00820768086790511,0.005341924779158859,0.008441319251790718,0.014181819515478934,0.026489310144513376,0.24966536423233887,0.17131313985638674,0.1552247287914145
1950-03-01,0.12225984619675681,0.14532888398888677,0.03975420498844373,0.009477388451498828,0.00546374150382322,0.008465923246055536,0.014181819515478934,0.026489310144513376,0.24966536423233887,0.17131313985638674,0.1552247287914145,0.1538621792094583
1950-04-01,0.14532888398888677,0.04492058718074266,0.010429669139194114,0.005555104047321491,0.00848437624175415,0.014181819515478936,0.026489310144513376,0.24966536423233887,0.17131313985638674,0.1552247287914145,0.1538621792094583,0.1879028237427505
1950-05-01,0.04492058718074266,0.010429669139194114,0.005555104047321491,0.00848437624175415,0.014181819515478936,0.026489310144513376,0.24966536423233887,0.17131313985638674,0.1552247287914145,0.1538621792094583,0.1879028237427505,0.13099758503584652
1950-06-01,0.010429669139194114,0.005555104047321491,0.00848437624175415,0.014181819515478936,0.026489310144513376,0.24966536423233887,0.17131313985638674,0.1552247287914145,0.1538621792094583,0.1879028237427505,0.13099758503584652,0.047831220460511
1950-07-01,0.005555104047321491,0.00848437624175415,0.014181819515478936,0.026489310144513376,0.24966536423233887,0.17131313985638674,0.1552247287914145,0.1538621792094583,0.1879028237427505,0.13099758503584652,0.047831220460511,0.01070160376668389
1950-08-01,0.00848437624175415,0.014181819515478936,0.026489310144513376,0.24966536423233887,0.17131313985638674,0.1552247287914145,0.1538621792094583,0.1879028237427505,0.13099758503584652,0.047831220460511,0.01070160376668389,0.0055770522732347194
1950-09-01,0.014181819515478936,0.026489310144513376,0.24966536423233887,0.17131313985638674,0.1552247287914145,0.1538621792094583,0.1879028237427505,0.13099758503584652,0.047831220460511,0.01070160376668389,0.0055770522732347194,0.00848680209310896
1950-10-01,0.026489310144513376,0.24966536423233887,0.17131313985638674,0.1552247287914145,0.1538621792094583,0.1879028237427505,0.13099758503584652,0.047831220460511,0.01070160376668389,0.0055770522732347194,0.00848680209310896,0.014119283659714332
1950-11-01,0.24966536423233887,0.17131313985638674,0.1552247287914145,0.1538621792094583,0.1879028237427505,0.13099758503584652,0.047831220460511,0.01070160376668389,0.0055770522732347194,0.00848680209310896,0.014119283659714332,0.018632151870428944
1950-12-01,0.17131313985638674,0.1552247287914145,0.1538621792094583,0.1879028237427505,0.13099758503584652,0.047831220460511,0.01070160376668389,0.0055770522732347194,0.00848680209310896,0.014119283659714332,0.018632151870428944,0.04871936191660295
1951-01-01,0.19791528268161931,0.22022196728848062,0.2584911442799155,0.08083803870020563,0.045963545157669296,0.009431386691609107,0.0054406917957683845,0.008452235582887366,0.013900408164538221,0.018632151870428944,0.04871936191660295,0.17197159906571075
1951-02-01,0.22022196728848062,0.2584911442799155,0.08083803870020563,0.045963545157669296,0.009431386691609107,0.0054406917957683845,0.008452235582887366,0.013900408164538221,0.018632151870428944,0.04871936191660295,0.17197159906571075,0.26267874039674843
1951-03-01,0.21815496111582122,0.10950063660628614,0.047030788187864554,0.010157225020223268,0.00551861206860629,0.008471987874442564,0.014025479876067427,0.018632151870428944,0.04871936191660295,0.17197159906571075,0.26267874039674843,0.27743312599477776
1951-04-01,0.13099758503584652,0.047831220460511,0.01070160376668389,0.0055770522732347194,0.00848680209310896,0.014119283659714332,0.018632151870428944,0.04871936191660295,0.17197159906571075,0.26267874039674843,0.27743312599477776,0.32829690189836
1951-05-01,0.047831220460511,0.01070160376668389,0.0055770522732347194,0.00848680209310896,0.014119283659714332,0.018632151870428944,0.04871936191660295,0.17197159906571075,0.26267874039674843,0.27743312599477776,0.32829690189836,0.2834033179885643
1951-06-01,0.01070160376668389,0.0055770522732347194,0.00848680209310896,0.014119283659714332,0.018632151870428944,0.04871936191660295,0.17197159906571075,0.26267874039674843,0.27743312599477776,0.32829690189836,0.2834033179885643,0.07750385588662362
1951-07-01,0.0055770522732347194,0.00848680209310896,0.014119283659714332,0.018632151870428944,0.04871936191660295,0.17197159906571075,0.26267874039674843,0.27743312599477776,0.32829690189836,0.2834033179885643,0.07750385588662362,0.011217194070261302
1951-08-01,0.00848680209310896,0.014119283659714332,0.018632151870428944,0.04871936191660295,0.17197159906571075,0.26267874039674843,0.27743312599477776,0.32829690189836,0.2834033179885643,0.07750385588662362,0.011217194070261302,0.005858689732830471
1951-09-01,0.014119283659714332,0.018632151870428944,0.04871936191660295,0.17197159906571075,0.26267874039674843,0.27743312599477776,0.32829690189836,0.2834033179885643,0.07750385588662362,0.011217194070261302,0.005858689732830471,0.008503725468081303
1951-10-01,0.018632151870428944,0.04871936191660295,0.17197159906571075,0.26267874039674843,0.27743312599477776,0.32829690189836,0.2834033179885643,0.07750385588662362,0.011217194070261302,0.005858689732830471,0.008503725468081303,0.015091635278913508
1951-11-01,0.04871936191660295,0.17197159906571075,0.26267874039674843,0.27743312599477776,0.32829690189836,0.2834033179885643,0.07750385588662362,0.011217194070261302,0.005858689732830471,0.008503725468081303,0.015091635278913508,0.01542279742373914
1951-12-01,0.17197159906571075,0.26267874039674843,0.27743312599477776,0.32829690189836,0.2834033179885643,0.07750385588662362,0.011217194070261302,0.005858689732830471,0.008503725468081303,0.015091635278913508,0.01542279742373914,0.040207573563340676
1952-01-01,0.681458334905622,0.7762912278224182,0.8902644959801582,0.7666638369874353,0.1794904045751761,0.011751543057707453,0.006708060363949267,0.008528390770262904,0.018275990450934507,0.01542279742373914,0.040207573563340676,0.12559247770484624
1952-02-01,0.7762912278224182,0.8902644959801582,0.7666638369874353,0.1794904045751761,0.011751543057707453,0.006708060363949267,0.008528390770262904,0.018275990450934507,0.01542279742373914,0.040207573563340676,0.12559247770484624,0.139654188908304
1952-03-01,0.569140156504845,0.49051496898808045,0.1212123767531461,0.011446200779166794,0.006222705717595669,0.008514296311873417,0.016456358924065363,0.01542279742373914,0.040207573563340676,0.12559247770484624,0.139654188908304,0.11141951969227776
1952-04-01,0.2834033179885643,0.07750385588662362,0.011217194070261302,0.005858689732830471,0.008503725468081303,0.015091635278913508,0.01542279742373914,0.040207573563340676,0.12559247770484624,0.139654188908304,0.11141951969227776,0.14191396653347518
1952-05-01,0.07750385588662362,0.011217194070261302,0.005858689732830471,0.008503725468081303,0.015091635278913508,0.01542279742373914,0.040207573563340676,0.12559247770484624,0.139654188908304,0.11141951969227776,0.14191396653347518,0.1268974839733599
1952-06-01,0.011217194070261302,0.005858689732830471,0.008503725468081303,0.015091635278913508,0.01542279742373914,0.040207573563340676,0.12559247770484624,0.139654188908304,0.11141951969227776,0.14191396653347518,0.1268974839733599,0.04836484197560862
1952-07-01,0.005858689732830471,0.008503725468081303,0.015091635278913508,0.01542279742373914,0.040207573563340676,0.12559247770484624,0.139654188908304,0.11141951969227776,0.14191396653347518,0.1268974839733599,0.04836484197560862,0.013445714582516591
1952-08-01,0.008503725468081303,0.015091635278913508,0.01542279742373914,0.040207573563340676,0.12559247770484624,0.139654188908304,0.11141951969227776,0.14191396653347518,0.1268974839733599,0.04836484197560862,0.013445714582516591,0.0056607207820344885
1952-09-01,0.015091635278913508,0.01542279742373914,0.040207573563340676,0.12559247770484624,0.139654188908304,0.11141951969227776,0.14191396653347518,0.1268974839733599,0.04836484197560862,0.013445714582516591,0.0056607207820344885,0.008508678787986796
1952-10-01,0.01542279742373914,0.040207573563340676,0.12559247770484624,0.139654188908304,0.11141951969227776,0.14191396653347518,0.1268974839733599,0.04836484197560862,0.013445714582516591,0.0056607207820344885,0.008508678787986796,0.01415852135823132
1952-11-01,0.040207573563340676,0.12559247770484624,0.139654188908304,0.11141951969227776,0.14191396653347518,0.1268974839733599,0.04836484197560862,0.013445714582516591,0.0056607207820344885,0.008508678787986796,0.01415852135823132,0.0164739775967934
1952-12-01,0.12559247770484624,0.139654188908304,0.11141951969227776,0.14191396653347518,0.1268974839733599,0.04836484197560862,0.013445714582516591,0.0056607207820344885,0.008508678787986796,0.01415852135823132,0.0164739775967934,0.04378369208259209
1953-01-01,0.12784785320762204,0.02922999946116818,0.05154128683817658,0.06238758391901585,0.04836484197560862,0.02177988536285626,0.005817200085367345,0.008550680709837624,0.014076977807864667,0.0164739775967934,0.04378369208259209,0.09995591558048905
1953-02-01,0.02922999946116818,0.05154128683817658,0.06238758391901585,0.04836484197560862,0.02177988536285626,0.005817200085367345,0.008550680709837624,0.014076977807864667,0.0164739775967934,0.04378369208259209,0.09995591558048905,0.14554656309646571
1953-03-01,0.10318281809263294,0.0992503839500696,0.04836484197560862,0.01701750205980502,0.005727783340605712,0.00852667961163715,0.014123574122359896,0.0164739775967934,0.04378369208259209,0.09995591558048905,0.14554656309646571,0.13332413255466635
1953-04-01,0.1268974839733599,0.04836484197560862,0.013445714582516591,0.0056607207820344885,0.008508678787986796,0.01415852135823132,0.0164739775967934,0.04378369208259209,0.09995591558048905,0.14554656309646571,0.13332413255466635,0.16773473216070336
1953-05-01,0.04836484197560862,0.013445714582516591,0.0056607207820344885,0.008508678787986796,0.01415852135823132,0.0164739775967934,0.04378369208259209,0.09995591558048905,0.14554656309646571,0.13332413255466635,0.16773473216070336,0.15850148228372563
1953-06-01,0.013445714582516591,0.0056607207820344885,0.008508678787986796,0.01415852135823132,0.0164739775967934,0.04378369208259209,0.09995591558048905,0.14554656309646571,0.13332413255466635,0.16773473216070336,0.15850148228372563,0.04397750436520883
1953-07-01,0.0056607207820344885,0.008508678787986796,0.01415852135823132,0.0164739775967934,0.04378369208259209,0.09995591558048905,0.14554656309646571,0.13332413255466635,0.16773473216070336,0.15850148228372563,0.04397750436520883,0.01289925204720392
1953-08-01,0.008508678787986796,0.01415852135823132,0.0164739775967934,0.04378369208259209,0.09995591558048905,0.14554656309646571,0.13332413255466635,0.16773473216070336,0.15850148228372563,0.04397750436520883,0.01289925204720392,0.005593463573059554
1953-09-01,0.01415852135823132,0.0164739775967934,0.04378369208259209,0.09995591558048905,0.14554656309646571,0.13332413255466635,0.16773473216070336,0.15850148228372563,0.04397750436520883,0.01289925204720392,0.005593463573059554,0.008487704187199994
1953-10-01,0.0164739775967934,0.04378369208259209,0.09995591558048905,0.14554656309646571,0.13332413255466635,0.16773473216070336,0.15850148228372563,0.04397750436520883,0.01289925204720392,0.005593463573059554,0.008487704187199994,0.014120291615950586
1953-11-01,0.04378369208259209,0.09995591558048905,0.14554656309646571,0.13332413255466635,0.16773473216070336,0.15850148228372563,0.04397750436520883,0.01289925204720392,0.005593463573059554,0.008487704187199994,0.014120291615950586,0.015418198520478684
1953-12-01,0.09995591558048905,0.14554656309646571,0.13332413255466635,0.16773473216070336,0.15850148228372563,0.04397750436520883,0.01289925204720392,0.005593463573059554,0.008487704187199994,0.014120291615950586,0.015418198520478684,0.04952641031745945
1954-01-01,0.15436353705434983,0.12780075734191682,0.16773473216070336,0.20460557631566162,0.028621822728809563,0.019320803953949237,0.0055145426449801395,0.008456295006297018,0.01390494396760136,0.015418198520478684,0.04952641031745945,0.1180822715464998
1954-02-01,0.12780075734191682,0.16773473216070336,0.20460557631566162,0.028621822728809563,0.019320803953949237,0.0055145426449801395,0.008456295006297018,0.01390494396760136,0.015418198520478684,0.04952641031745945,0.1180822715464998,0.14330037966208514
1954-03-01,0.16773473216070336,0.1782603797259839,0.03739649794960914,0.015651345721523338,0.0055596403181683764,0.008474243109670147,0.01402799976665806,0.015418198520478684,0.04952641031745945,0.1180822715464998,0.14330037966208514,0.12367189185736899
1954-04-01,0.15850148228372563,0.04397750436520883,0.01289925204720392,0.005593463573059554,0.008487704187199994,0.014120291615950586,0.015418198520478684,0.04952641031745945,0.1180822715464998,0.14330037966208514,0.12367189185736899,0.15115723858563412
1954-05-01,0.04397750436520883,0.01289925204720392,0.005593463573059554,0.008487704187199994,0.014120291615950586,0.015418198520478684,0.04952641031745945,0.1180822715464998,0.14330037966208514,0.12367189185736899,0.15115723858563412,0.1358689356950829
1954-06-01,0.01289925204720392,0.005593463573059554,0.008487704187199994,0.014120291615950586,0.015418198520478684,0.04952641031745945,0.1180822715464998,0.14330037966208514,0.12367189185736899,0.15115723858563412,0.1358689356950829,0.056575492804554366
1954-07-01,0.005593463573059554,0.008487704187199994,0.014120291615950586,0.015418198520478684,0.04952641031745945,0.1180822715464998,0.14330037966208514,0.12367189185736899,0.15115723858563412,0.1358689356950829,0.056575492804554366,0.01085589041462203
1954-08-01,0.008487704187199994,0.014120291615950586,0.015418198520478684,0.04952641031745945,0.1180822715464998,0.14330037966208514,0.12367189185736899,0.15115723858563412,0.1358689356950829,0.056575492804554366,0.01085589041462203,0.005693920507589961
1954-09-01,0.014120291615950586,0.015418198520478684,0.04952641031745945,0.1180822715464998,0.14330037966208514,0.12367189185736899,0.15115723858563412,0.1358689356950829,0.056575492804554366,0.01085589041462203,0.005693920507589961,0.008495342416825329
1954-10-01,0.015418198520478684,0.04952641031745945,0.1180822715464998,0.14330037966208514,0.12367189185736899,0.15115723858563412,0.1358689356950829,0.056575492804554366,0.01085589041462203,0.005693920507589961,0.008495342416825329,0.01419510639875381
1954-11-01,0.04952641031745945,0.1180822715464998,0.14330037966208514,0.12367189185736899,0.15115723858563412,0.1358689356950829,0.056575492804554366,0.01085589041462203,0.005693920507589961,0.008495342416825329,0.01419510639875381,0.015422145565776334
1954-12-01,0.1180822715464998,0.14330037966208514,0.12367189185736899,0.15115723858563412,0.1358689356950829,0.056575492804554366,0.01085589041462203,0.005693920507589961,0.008495342416825329,0.01419510639875381,0.015422145565776334,0.048443041861029865
1955-01-01,0.14425571159963718,0.08436567420407871,0.09313601107289177,0.1027591166667693,0.08531277070586446,0.010125676607330724,0.005966598850366973,0.008490667039611021,0.014241610490215866,0.015422145565776334,0.048443041861029865,0.6239473341688693
1955-02-01,0.08436567420407871,0.09313601107289177,0.1027591166667693,0.08531277070586446,0.010125676607330724,0.005966598850366973,0.008490667039611021,0.014241610490215866,0.015422145565776334,0.048443041861029865,0.6239473341688693,0.36024846050483367
1955-03-01,0.12629099822303025,0.12167901325437706,0.06889146904797298,0.010542941640068613,0.005810782654494395,0.008493338683733483,0.014215036723666119,0.015422145565776334,0.048443041861029865,0.6239473341688693,0.36024846050483367,0.2653632405450836
1955-04-01,0.1358689356950829,0.056575492804554366,0.01085589041462203,0.005693920507589961,0.008495342416825329,0.01419510639875381,0.015422145565776334,0.048443041861029865,0.6239473341688693,0.36024846050483367,0.2653632405450836,0.19657308380766877
1955-05-01,0.056575492804554366,0.01085589041462203,0.005693920507589961,0.008495342416825329,0.01419510639875381,0.015422145565776334,0.048443041861029865,0.6239473341688693,0.36024846050483367,0.2653632405450836,0.19657308380766877,0.1625881603235677
1955-06-01,0.01085589041462203,0.005693920507589961,0.008495342416825329,0.01419510639875381,0.015422145565776334,0.048443041861029865,0.6239473341688693,0.36024846050483367,0.2653632405450836,0.19657308380766877,0.1625881603235677,0.07845122394762563
1955-07-01,0.005693920507589961,0.008495342416825329,0.01419510639875381,0.015422145565776334,0.048443041861029865,0.6239473341688693,0.36024846050483367,0.2653632405450836,0.19657308380766877,0.1625881603235677,0.07845122394762563,0.011327011599860866
1955-08-01,0.008495342416825329,0.01419510639875381,0.015422145565776334,0.048443041861029865,0.6239473341688693,0.36024846050483367,0.2653632405450836,0.19657308380766877,0.1625881603235677,0.07845122394762563,0.011327011599860866,0.0058927834358178405
1955-09-01,0.01419510639875381,0.015422145565776334,0.048443041861029865,0.6239473341688693,0.36024846050483367,0.2653632405450836,0.19657308380766877,0.1625881603235677,0.07845122394762563,0.011327011599860866,0.0058927834358178405,0.008514674405629825
1955-10-01,0.015422145565776334,0.048443041861029865,0.6239473341688693,0.36024846050483367,0.2653632405450836,0.19657308380766877,0.1625881603235677,0.07845122394762563,0.011327011599860866,0.0058927834358178405,0.008514674405629825,0.014169802560978847
1955-11-01,0.048443041861029865,0.6239473341688693,0.36024846050483367,0.2653632405450836,0.19657308380766877,0.1625881603235677,0.07845122394762563,0.011327011599860866,0.0058927834358178405,0.008514674405629825,0.014169802560978847,0.018483797906919897
1955-12-01,0.6239473341688693,0.36024846050483367,0.2653632405450836,0.19657308380766877,0.1625881603235677,0.07845122394762563,0.011327011599860866,0.0058927834358178405,0.008514674405629825,0.014169802560978847,0.018483797906919897,0.03746302142875218
1956-01-01,1.1205220753920055,0.7219767432987945,0.2975073145720477,0.22299562749495092,0.1837535608496852,0.012245721940905487,0.006861482027392431,0.008577660989231257,0.014127743220228537,0.018483797906919897,0.03746302142875218,0.09554975176192654
1956-02-01,0.7219767432987945,0.2975073145720477,0.22299562749495092,0.1837535608496852,0.012245721940905487,0.006861482027392431,0.008577660989231257,0.014127743220228537,0.018483797906919897,0.03746302142875218,0.09554975176192654,0.13234631799944735
1956-03-01,0.2398306112781169,0.18847707482558906,0.12358079690565116,0.011720744603165703,0.006307939975064094,0.008541668655744725,0.014151777129228712,0.018483797906919897,0.03746302142875218,0.09554975176192654,0.13234631799944735,0.1295565698103116
1956-04-01,0.1625881603235677,0.07845122394762563,0.011327011599860866,0.0058927834358178405,0.008514674405629825,0.014169802560978847,0.018483797906919897,0.03746302142875218,0.09554975176192654,0.13234631799944735,0.1295565698103116,0.14514792544410654
1956-05-01,0.07845122394762563,0.011327011599860866,0.0058927834358178405,0.008514674405629825,0.014169802560978847,0.018483797906919897,0.03746302142875218,0.09554975176192654,0.13234631799944735,0.1295565698103116,0.14514792544410654,0.12817486401751557
1956-06-01,0.011327011599860866,0.0058927834358178405,0.008514674405629825,0.014169802560978847,0.018483797906919897,0.03746302142875218,0.09554975176192654,0.13234631799944735,0.1295565698103116,0.14514792544410654,0.12817486401751557,0.0741269553104012
1956-07-01,0.0058927834358178405,0.008514674405629825,0.014169802560978847,0.018483797906919897,0.03746302142875218,0.09554975176192654,0.13234631799944735,0.1295565698103116,0.14514792544410654,0.12817486401751557,0.0741269553104012,0.012133232299623587
1956-08-01,0.008514674405629825,0.014169802560978847,0.018483797906919897,0.03746302142875218,0.09554975176192654,0.13234631799944735,0.1295565698103116,0.14514792544410654,0.12817486401751557,0.0741269553104012,0.012133232299623587,0.005735122761203967
1956-09-01,0.014169802560978847,0.018483797906919897,0.03746302142875218,0.09554975176192654,0.13234631799944735,0.1295565698103116,0.14514792544410654,0.12817486401751557,0.0741269553104012,0.012133232299623587,0.005735122761203967,0.008511988061128269
1956-10-01,0.018483797906919897,0.03746302142875218,0.09554975176192654,0.13234631799944735,0.1295565698103116,0.14514792544410654,0.12817486401751557,0.0741269553104012,0.012133232299623587,0.005735122761203967,0.008511988061128269,0.014892556476308248
1956-11-01,0.03746302142875218,0.09554975176192654,0.13234631799944735,0.1295565698103116,0.14514792544410654,0.12817486401751557,0.0741269553104012,0.012133232299623587,0.005735122761203967,0.008511988061128269,0.014892556476308248,0.018757608415641433
1956-12-01,0.09554975176192654,0.13234631799944735,0.1295565698103116,0.14514792544410654,0.12817486401751557,0.0741269553104012,0.012133232299623587,0.005735122761203967,0.008511988061128269,0.014892556476308248,0.018757608415641433,0.03969045080191725
1957-01-01,0.09496243411776709,0.11084672499232043,0.06609410193601761,0.06813579411771631,0.16429435198217526,0.01587371508983774,0.006152008991629996,0.008565572438974252,0.017380135839210838,0.018757608415641433,0.03969045080191725,0.13632165990588693
1957-02-01,0.11084672499232043,0.06609410193601761,0.06813579411771631,0.16429435198217526,0.01587371508983774,0.006152008991629996,0.008565572438974252,0.017380135839210838,0.018757608415641433,0.03969045080191725,0.13632165990588693,0.14149411582358426
1957-03-01,0.11126771536921128,0.10244383406045873,0.11277012531259008,0.01373629635257251,0.005913788288529407,0.008534952794490833,0.015958661917552214,0.018757608415641433,0.03969045080191725,0.13632165990588693,0.14149411582358426,0.17587721636056214
1957-04-01,0.12817486401751557,0.0741269553104012,0.012133232299623587,0.005735122761203967,0.008511988061128269,0.014892556476308248,0.018757608415641433,0.03969045080191725,0.13632165990588693,0.14149411582358426,0.17587721636056214,0.3892210875900214
1957-05-01,0.0741269553104012,0.012133232299623587,0.005735122761203967,0.008511988061128269,0.014892556476308248,0.018757608415641433,0.03969045080191725,0.13632165990588693,0.14149411582358426,0.17587721636056214,0.3892210875900214,0.46402351462100117
1957-06-01,0.012133232299623587,0.005735122761203967,0.008511988061128269,0.014892556476308248,0.018757608415641433,0.03969045080191725,0.13632165990588693,0.14149411582358426,0.17587721636056214,0.3892210875900214,0.46402351462100117,0.08352728083731503
1957-07-01,0.005735122761203967,0.008511988061128269,0.014892556476308248,0.018757608415641433,0.03969045080191725,0.13632165990588693,0.14149411582358426,0.17587721636056214,0.3892210875900214,0.46402351462100117,0.08352728083731503,0.013663276008770023
1957-08-01,0.008511988061128269,0.014892556476308248,0.018757608415641433,0.03969045080191725,0.13632165990588693,0.14149411582358426,0.17587721636056214,0.3892210875900214,0.46402351462100117,0.08352728083731503,0.013663276008770023,0.00594994153711344
1957-09-01,0.014892556476308248,0.018757608415641433,0.03969045080191725,0.13632165990588693,0.14149411582358426,0.17587721636056214,0.3892210875900214,0.46402351462100117,0.08352728083731503,0.013663276008770023,0.00594994153711344,0.008562663366570772
1957-10-01,0.018757608415641433,0.03969045080191725,0.13632165990588693,0.14149411582358426,0.17587721636056214,0.3892210875900214,0.46402351462100117,0.08352728083731503,0.013663276008770023,0.00594994153711344,0.008562663366570772,0.017855421761851707
1957-11-01,0.03969045080191725,0.13632165990588693,0.14149411582358426,0.17587721636056214,0.3892210875900214,0.46402351462100117,0.08352728083731503,0.013663276008770023,0.00594994153711344,0.008562663366570772,0.017855421761851707,0.015446206418032312
1957-12-01,0.13632165990588693,0.14149411582358426,0.17587721636056214,0.3892210875900214,0.46402351462100117,0.08352728083731503,0.013663276008770023,0.00594994153711344,0.008562663366570772,0.017855421761851707,0.015446206418032312,0.03840507130242319
1958-01-01,0.13612752432638325,0.31928963446844794,1.1644233315926342,1.5794547218334014,0.2065958168532875,0.022758911780996698,0.007118693483222624,0.008793611313465517,0.03071302962415641,0.015446206418032312,0.03840507130242319,0.09322584724663305
1958-02-01,0.31928963446844794,1.1644233315926342,1.5794547218334014,0.2065958168532875,0.022758911780996698,0.007118693483222624,0.008793611313465517,0.03071302962415641,0.015446206418032312,0.03840507130242319,0.09322584724663305,0.13019910371893684
1958-03-01,0.7214506207339983,0.9420654605691727,0.13627093912987467,0.0175614056254386,0.00645083522830309,0.00866164105809709,0.023365825131410865,0.015446206418032312,0.03840507130242319,0.09322584724663305,0.13019910371893684,0.16390310430890143
1958-04-01,0.46402351462100117,0.08352728083731503,0.013663276008770023,0.00594994153711344,0.008562663366570772,0.017855421761851707,0.015446206418032312,0.03840507130242319,0.09322584724663305,0.13019910371893684,0.16390310430890143,0.14785424660528537
1958-05-01,0.08352728083731503,0.013663276008770023,0.00594994153711344,0.008562663366570772,0.017855421761851707,0.015446206418032312,0.03840507130242319,0.09322584724663305,0.13019910371893684,0.16390310430890143,0.14785424660528537,0.12191157467579754
1958-06-01,0.013663276008770023,0.00594994153711344,0.008562663366570772,0.017855421761851707,0.015446206418032312,0.03840507130242319,0.09322584724663305,0.13019910371893684,0.16390310430890143,0.14785424660528537,0.12191157467579754,0.04151254062782604
1958-07-01,0.00594994153711344,0.008562663366570772,0.017855421761851707,0.015446206418032312,0.03840507130242319,0.09322584724663305,0.13019910371893684,0.16390310430890143,0.14785424660528537,0.12191157467579754,0.04151254062782604,0.010023266892853704
1958-08-01,0.008562663366570772,0.017855421761851707,0.015446206418032312,0.03840507130242319,0.09322584724663305,0.13019910371893684,0.16390310430890143,0.14785424660528537,0.12191157467579754,0.04151254062782604,0.010023266892853704,0.005493528873409018
1958-09-01,0.017855421761851707,0.015446206418032312,0.03840507130242319,0.09322584724663305,0.13019910371893684,0.16390310430890143,0.14785424660528537,0.12191157467579754,0.04151254062782604,0.010023266892853704,0.005493528873409018,0.008476752070384787
1958-10-01,0.015446206418032312,0.03840507130242319,0.09322584724663305,0.13019910371893684,0.16390310430890143,0.14785424660528537,0.12191157467579754,0.04151254062782604,0.010023266892853704,0.005493528873409018,0.008476752070384787,0.038543044300391446
1958-11-01,0.03840507130242319,0.09322584724663305,0.13019910371893684,0.16390310430890143,0.14785424660528537,0.12191157467579754,0.04151254062782604,0.010023266892853704,0.005493528873409018,0.008476752070384787,0.038543044300391446,0.015657217405148142
1958-12-01,0.09322584724663305,0.13019910371893684,0.16390310430890143,0.14785424660528537,0.12191157467579754,0.04151254062782604,0.010023266892853704,0.005493528873409018,0.008476752070384787,0.038543044300391446,0.015657217405148142,0.037153031106050866
1959-01-01,0.08529996985546985,0.26540613023597476,0.07827254716132243,0.039950992079985204,0.017529485910587023,0.006378870759373262,0.005064836496552726,0.008407010480628583,0.12380733104758522,0.015657217405148142,0.037153031106050866,0.09489213772845463
1959-02-01,0.26540613023597476,0.07827254716132243,0.039950992079985204,0.017529485910587023,0.006378870759373262,0.005064836496552726,0.008407010480628583,0.12380733104758522,0.015657217405148142,0.037153031106050866,0.09489213772845463,0.12965663666762983
1959-03-01,0.11803351827215841,0.08678561070616368,0.031234088606152177,0.008461382835647801,0.005309803569042036,0.008446862817632128,0.0750848814777602,0.015657217405148142,0.037153031106050866,0.09489213772845463,0.12965663666762983,0.13619672182034426
1959-04-01,0.12191157467579754,0.04151254062782604,0.010023266892853704,0.005493528873409018,0.008476752070384787,0.038543044300391446,0.015657217405148142,0.037153031106050866,0.09489213772845463,0.12965663666762983,0.13619672182034426,0.14935452526402754
1959-05-01,0.04151254062782604,0.010023266892853704,0.005493528873409018,0.008476752070384787,0.038543044300391446,0.015657217405148142,0.037153031106050866,0.09489213772845463,0.12965663666762983,0.13619672182034426,0.14935452526402754,0.12997388946049382
1959-06-01,0.010023266892853704,0.005493528873409018,0.008476752070384787,0.038543044300391446,0.015657217405148142,0.037153031106050866,0.09489213772845463,0.12965663666762983,0.13619672182034426,0.14935452526402754,0.12997388946049382,0.0457356383213543
1959-07-01,0.005493528873409018,0.008476752070384787,0.038543044300391446,0.015657217405148142,0.037153031106050866,0.09489213772845463,0.12965663666762983,0.13619672182034426,0.14935452526402754,0.12997388946049382,0.0457356383213543,0.010233692042412559
1959-08-01,0.008476752070384787,0.038543044300391446,0.015657217405148142,0.037153031106050866,0.09489213772845463,0.12965663666762983,0.13619672182034426,0.14935452526402754,0.12997388946049382,0.0457356383213543,0.010233692042412559,0.00552152638011141
1959-09-01,0.038543044300391446,0.015657217405148142,0.037153031106050866,0.09489213772845463,0.12965663666762983,0.13619672182034426,0.14935452526402754,0.12997388946049382,0.0457356383213543,0.010233692042412559,0.00552152638011141,0.008481013775375423
1959-10-01,0.015657217405148142,0.037153031106050866,0.09489213772845463,0.12965663666762983,0.13619672182034426,0.14935452526402754,0.12997388946049382,0.0457356383213543,0.010233692042412559,0.00552152638011141,0.008481013775375423,0.01411026142674264
1959-11-01,0.037153031106050866,0.09489213772845463,0.12965663666762983,0.13619672182034426,0.14935452526402754,0.12997388946049382,0.0457356383213543,0.010233692042412559,0.00552152638011141,0.008481013775375423,0.01411026142674264,0.01556811909315152
1959-12-01,0.09489213772845463,0.12965663666762983,0.13619672182034426,0.14935452526402754,0.12997388946049382,0.0457356383213543,0.010233692042412559,0.00552152638011141,0.008481013775375423,0.01411026142674264,0.01556811909315152,0.05174182152534389
1960-01-01,0.08285886812458824,0.14072740903746747,0.0850238011256621,0.07623140861111846,0.03653342553146416,0.007325783932388108,0.005190825276713492,0.008426188153086444,0.013859808116165603,0.01556811909315152,0.05174182152534389,0.11050980339038256
1960-02-01,0.14072740903746747,0.0850238011256621,0.07623140861111846,0.03653342553146416,0.007325783932388108,0.005190825276713492,0.008426188153086444,0.013859808116165603,0.01556811909315152,0.05174182152534389,0.11050980339038256,0.1227340698672865
1960-03-01,0.12178421491901378,0.10694139766790438,0.041791832839972815,0.008987445709544937,0.0053797973357980165,0.008457517080108716,0.014002924293638194,0.01556811909315152,0.05174182152534389,0.11050980339038256,0.1227340698672865,0.11436129841361381
1960-04-01,0.12997388946049382,0.0457356383213543,0.010233692042412559,0.00552152638011141,0.008481013775375423,0.01411026142674264,0.01556811909315152,0.05174182152534389,0.11050980339038256,0.1227340698672865,0.11436129841361381,0.14584725065413023
1960-05-01,0.0457356383213543,0.010233692042412559,0.00552152638011141,0.008481013775375423,0.01411026142674264,0.01556811909315152,0.05174182152534389,0.11050980339038256,0.1227340698672865,0.11436129841361381,0.14584725065413023,0.1209532153214787
1960-06-01,0.010233692042412559,0.00552152638011141,0.008481013775375423,0.01411026142674264,0.01556811909315152,0.05174182152534389,0.11050980339038256,0.1227340698672865,0.11436129841361381,0.14584725065413023,0.1209532153214787,0.04359942109810318
1960-07-01,0.00552152638011141,0.008481013775375423,0.01411026142674264,0.01556811909315152,0.05174182152534389,0.11050980339038256,0.1227340698672865,0.11436129841361381,0.14584725065413023,0.1209532153214787,0.04359942109810318,0.010109888081094635
1960-08-01,0.008481013775375423,0.01411026142674264,0.01556811909315152,0.05174182152534389,0.11050980339038256,0.1227340698672865,0.11436129841361381,0.14584725065413023,0.1209532153214787,0.04359942109810318,0.010109888081094635,0.005616012409653672
1960-09-01,0.01411026142674264,0.01556811909315152,0.05174182152534389,0.11050980339038256,0.1227340698672865,0.11436129841361381,0.14584725065413023,0.1209532153214787,0.04359942109810318,0.010109888081094635,0.005616012409653672,0.008581664359986986
1960-10-01,0.01556811909315152,0.05174182152534389,0.11050980339038256,0.1227340698672865,0.11436129841361381,0.14584725065413023,0.1209532153214787,0.04359942109810318,0.010109888081094635,0.005616012409653672,0.008581664359986986,0.014881205229148254
1960-11-01,0.05174182152534389,0.11050980339038256,0.1227340698672865,0.11436129841361381,0.14584725065413023,0.1209532153214787,0.04359942109810318,0.010109888081094635,0.005616012409653672,0.008581664359986986,0.014881205229148254,0.01635314636709638
1960-12-01,0.11050980339038256,0.1227340698672865,0.11436129841361381,0.14584725065413023,0.1209532153214787,0.04359942109810318,0.010109888081094635,0.005616012409653672,0.008581664359986986,0.014881205229148254,0.01635314636709638,0.04635337090229668
1961-01-01,0.051707317523043306,0.04246800370718042,0.06924106538112423,0.03563837498555041,0.02692044802683411,0.006768666106457452,0.005616012409653672,0.00887911578383848,0.017329055226990867,0.01635314636709638,0.04635337090229668,0.10982376376525654
1961-02-01,0.04246800370718042,0.06924106538112423,0.03563837498555041,0.02692044802683411,0.006768666106457452,0.005616012409653672,0.00887911578383848,0.017329055226990867,0.01635314636709638,0.04635337090229668,0.10982376376525654,0.12841363872833025
1961-03-01,0.11301602839427051,0.08438971232036657,0.036451289781845,0.008677935806250127,0.005616012409653672,0.008709143541637626,0.01593028379965223,0.01635314636709638,0.04635337090229668,0.10982376376525654,0.12841363872833025,0.27842191375565434
1961-04-01,0.1209532153214787,0.04359942109810318,0.010109888081094635,0.005616012409653672,0.008581664359986986,0.014881205229148254,0.01635314636709638,0.04635337090229668,0.10982376376525654,0.12841363872833025,0.27842191375565434,0.27615473538228363
1961-05-01,0.04359942109810318,0.010109888081094635,0.005616012409653672,0.008581664359986986,0.014881205229148254,0.01635314636709638,0.04635337090229668,0.10982376376525654,0.12841363872833025,0.27842191375565434,0.27615473538228363,0.19902668151178288
1961-06-01,0.010109888081094635,0.005616012409653672,0.008581664359986986,0.014881205229148254,0.01635314636709638,0.04635337090229668,0.10982376376525654,0.12841363872833025,0.27842191375565434,0.27615473538228363,0.19902668151178288,0.04646510767634038
1961-07-01,0.005616012409653672,0.008581664359986986,0.014881205229148254,0.01635314636709638,0.04635337090229668,0.10982376376525654,0.12841363872833025,0.27842191375565434,0.27615473538228363,0.19902668151178288,0.04646510767634038,0.010883828094072354
1961-08-01,0.008581664359986986,0.014881205229148254,0.01635314636709638,0.04635337090229668,0.10982376376525654,0.12841363872833025,0.27842191375565434,0.27615473538228363,0.19902668151178288,0.04646510767634038,0.010883828094072354,0.005600263412282056
1961-09-01,0.014881205229148254,0.01635314636709638,0.04635337090229668,0.10982376376525654,0.12841363872833025,0.27842191375565434,0.27615473538228363,0.19902668151178288,0.04646510767634038,0.010883828094072354,0.005600263412282056,0.008489064424932892
1961-10-01,0.01635314636709638,0.04635337090229668,0.10982376376525654,0.12841363872833025,0.27842191375565434,0.27615473538228363,0.19902668151178288,0.04646510767634038,0.010883828094072354,0.005600263412282056,0.008489064424932892,0.014183240946061033
1961-11-01,0.04635337090229668,0.10982376376525654,0.12841363872833025,0.27842191375565434,0.27615473538228363,0.19902668151178288,0.04646510767634038,0.010883828094072354,0.005600263412282056,0.008489064424932892,0.014183240946061033,0.01916496529903551
1961-12-01,0.10982376376525654,0.12841363872833025,0.27842191375565434,0.27615473538228363,0.19902668151178288,0.04646510767634038,0.010883828094072354,0.005600263412282056,0.008489064424932892,0.014183240946061033,0.01916496529903551,0.037219048918861075
1962-01-01,0.07726537739774025,0.7807407727463628,0.6556247466578147,0.3869689728419191,0.039816037628901534,0.01025139616485719,0.005545141921481398,0.00846241607609506,0.014188215953098373,0.01916496529903551,0.037219048918861075,0.0926240605175852
1962-02-01,0.7807407727463628,0.6556247466578147,0.3869689728419191,0.039816037628901534,0.01025139616485719,0.005545141921481398,0.00846241607609506,0.014188215953098373,0.01916496529903551,0.037219048918861075,0.0926240605175852,0.28524217498183607
1962-03-01,0.438784740214654,0.27957337779612695,0.04361550622743802,0.010612785838694426,0.0055766399162246304,0.008477643704002393,0.014185373091934177,0.01916496529903551,0.037219048918861075,0.0926240605175852,0.28524217498183607,0.13561254266834694
1962-04-01,0.19902668151178288,0.04646510767634038,0.010883828094072354,0.005600263412282056,0.008489064424932892,0.014183240946061033,0.01916496529903551,0.037219048918861075,0.0926240605175852,0.28524217498183607,0.13561254266834694,0.15626523749852636
1962-05-01,0.04646510767634038,0.010883828094072354,0.005600263412282056,0.008489064424932892,0.014183240946061033,0.01916496529903551,0.037219048918861075,0.0926240605175852,0.28524217498183607,0.13561254266834694,0.15626523749852636,0.19953757792209315
1962-06-01,0.010883828094072354,0.005600263412282056,0.008489064424932892,0.014183240946061033,0.01916496529903551,0.037219048918861075,0.0926240605175852,0.28524217498183607,0.13561254266834694,0.15626523749852636,0.19953757792209315,0.07357048702914465
1962-07-01,0.005600263412282056,0.008489064424932892,0.014183240946061033,0.01916496529903551,0.037219048918861075,0.0926240605175852,0.28524217498183607,0.13561254266834694,0.15626523749852636,0.19953757792209315,0.07357048702914465,0.011464011624462717
1962-08-01,0.008489064424932892,0.014183240946061033,0.01916496529903551,0.037219048918861075,0.0926240605175852,0.28524217498183607,0.13561254266834694,0.15626523749852636,0.19953757792209315,0.07357048702914465,0.011464011624462717,0.005977163244415363
1962-09-01,0.014183240946061033,0.01916496529903551,0.037219048918861075,0.0926240605175852,0.28524217498183607,0.13561254266834694,0.15626523749852636,0.19953757792209315,0.07357048702914465,0.011464011624462717,0.005977163244415363,0.008514211740471928
1962-10-01,0.01916496529903551,0.037219048918861075,0.0926240605175852,0.28524217498183607,0.13561254266834694,0.15626523749852636,0.19953757792209315,0.07357048702914465,0.011464011624462717,0.005977163244415363,0.008514211740471928,0.014265057247548833
1962-11-01,0.037219048918861075,0.0926240605175852,0.28524217498183607,0.13561254266834694,0.15626523749852636,0.19953757792209315,0.07357048702914465,0.011464011624462717,0.005977163244415363,0.008514211740471928,0.014265057247548833,0.018132782660838287
1962-12-01,0.0926240605175852,0.28524217498183607,0.13561254266834694,0.15626523749852636,0.19953757792209315,0.07357048702914465,0.011464011624462717,0.005977163244415363,0.008514211740471928,0.014265057247548833,0.018132782660838287,0.06884669733949816
1963-01-01,0.7829937905385163,0.13809860285347947,0.11612200618090682,0.38926800668831546,0.16179024471652073,0.012862222051613824,0.00724119116608128,0.008575578996020721,0.014556389309793479,0.018132782660838287,0.06884669733949816,0.09553268693849698
1963-02-01,0.13809860285347947,0.11612200618090682,0.38926800668831546,0.16179024471652073,0.012862222051613824,0.00724119116608128,0.008575578996020721,0.014556389309793479,0.018132782660838287,0.06884669733949816,0.09553268693849698,0.1277708262265101
1963-03-01,0.13906099550526085,0.2808506188219027,0.11137895460944867,0.012063244664670333,0.006518889496557899,0.008540511992849983,0.01438991384565368,0.018132782660838287,0.06884669733949816,0.09553268693849698,0.1277708262265101,0.11159238878863534
1963-04-01,0.19953757792209315,0.07357048702914465,0.011464011624462717,0.005977163244415363,0.008514211740471928,0.014265057247548833,0.018132782660838287,0.06884669733949816,0.09553268693849698,0.1277708262265101,0.11159238878863534,0.1475053602716271
1963-05-01,0.07357048702914465,0.011464011624462717,0.005977163244415363,0.008514211740471928,0.014265057247548833,0.018132782660838287,0.06884669733949816,0.09553268693849698,0.1277708262265101,0.11159238878863534,0.1475053602716271,0.12694711515992493
1963-06-01,0.011464011624462717,0.005977163244415363,0.008514211740471928,0.014265057247548833,0.018132782660838287,0.06884669733949816,0.09553268693849698,0.1277708262265101,0.11159238878863534,0.1475053602716271,0.12694711515992493,0.045876128571605654
1963-07-01,0.005977163244415363,0.008514211740471928,0.014265057247548833,0.018132782660838287,0.06884669733949816,0.09553268693849698,0.1277708262265101,0.11159238878863534,0.1475053602716271,0.12694711515992493,0.045876128571605654,0.01074873025932313
1963-08-01,0.008514211740471928,0.014265057247548833,0.018132782660838287,0.06884669733949816,0.09553268693849698,0.1277708262265101,0.11159238878863534,0.1475053602716271,0.12694711515992493,0.045876128571605654,0.01074873025932313,0.005550074552915232
1963-09-01,0.014265057247548833,0.018132782660838287,0.06884669733949816,0.09553268693849698,0.1277708262265101,0.11159238878863534,0.1475053602716271,0.12694711515992493,0.045876128571605654,0.01074873025932313,0.005550074552915232,0.008483025189410803
1963-10-01,0.018132782660838287,0.06884669733949816,0.09553268693849698,0.1277708262265101,0.11159238878863534,0.1475053602716271,0.12694711515992493,0.045876128571605654,0.01074873025932313,0.005550074552915232,0.008483025189410803,0.014518723827846535
1963-11-01,0.06884669733949816,0.09553268693849698,0.1277708262265101,0.11159238878863534,0.1475053602716271,0.12694711515992493,0.045876128571605654,0.01074873025932313,0.005550074552915232,0.008483025189410803,0.014518723827846535,0.021749394572369928
1963-12-01,0.09553268693849698,0.1277708262265101,0.11159238878863534,0.1475053602716271,0.12694711515992493,0.045876128571605654,0.01074873025932313,0.005550074552915232,0.008483025189410803,0.014518723827846535,0.021749394572369928,0.06405345698970714
1964-01-01,0.07437272113954953,0.03000791039477728,0.07670255865986021,0.06261092425855844,0.03716563165759526,0.009643455908485685,0.005319292054330691,0.008435239516245654,0.015697888921133135,0.021749394572369928,0.06405345698970714,0.15855367849802904
1964-02-01,0.03000791039477728,0.07670255865986021,0.06261092425855844,0.03716563165759526,0.009643455908485685,0.005319292054330691,0.008435239516245654,0.015697888921133135,0.021749394572369928,0.06405345698970714,0.15855367849802904,0.2758975962916534
1964-03-01,0.11716130243801273,0.09937446191648214,0.0421430584656012,0.010275041251821368,0.005451167767807572,0.008462545615197168,0.015024080296397936,0.021749394572369928,0.06405345698970714,0.15855367849802904,0.2758975962916534,0.1872422331889883
1964-04-01,0.12694711515992493,0.045876128571605654,0.01074873025932313,0.005550074552915232,0.008483025189410803,0.014518723827846535,0.021749394572369928,0.06405345698970714,0.15855367849802904,0.2758975962916534,0.1872422331889883,0.18787099769363566
1964-05-01,0.045876128571605654,0.01074873025932313,0.005550074552915232,0.008483025189410803,0.014518723827846535,0.021749394572369928,0.06405345698970714,0.15855367849802904,0.2758975962916534,0.1872422331889883,0.18787099769363566,0.2890865453837371
1964-06-01,0.01074873025932313,0.005550074552915232,0.008483025189410803,0.014518723827846535,0.021749394572369928,0.06405345698970714,0.15855367849802904,0.2758975962916534,0.1872422331889883,0.18787099769363566,0.2890865453837371,0.06181570884581576
1964-07-01,0.005550074552915232,0.008483025189410803,0.014518723827846535,0.021749394572369928,0.06405345698970714,0.15855367849802904,0.2758975962916534,0.1872422331889883,0.18787099769363566,0.2890865453837371,0.06181570884581576,0.011185417609712322
1964-08-01,0.008483025189410803,0.014518723827846535,0.021749394572369928,0.06405345698970714,0.15855367849802904,0.2758975962916534,0.1872422331889883,0.18787099769363566,0.2890865453837371,0.06181570884581576,0.011185417609712322,0.005736082168447171
1964-09-01,0.014518723827846535,0.021749394572369928,0.06405345698970714,0.15855367849802904,0.2758975962916534,0.1872422331889883,0.18787099769363566,0.2890865453837371,0.06181570884581576,0.011185417609712322,0.005736082168447171,0.008496965656679923
1964-10-01,0.021749394572369928,0.06405345698970714,0.15855367849802904,0.2758975962916534,0.1872422331889883,0.18787099769363566,0.2890865453837371,0.06181570884581576,0.011185417609712322,0.005736082168447171,0.008496965656679923,0.014130621354459348
1964-11-01,0.06405345698970714,0.15855367849802904,0.2758975962916534,0.1872422331889883,0.18787099769363566,0.2890865453837371,0.06181570884581576,0.011185417609712322,0.005736082168447171,0.008496965656679923,0.014130621354459348,0.01597418015736081
1964-12-01,0.15855367849802904,0.2758975962916534,0.1872422331889883,0.18787099769363566,0.2890865453837371,0.06181570884581576,0.011185417609712322,0.005736082168447171,0.008496965656679923,0.014130621354459348,0.01597418015736081,0.07661480452968489
1965-01-01,0.7409431864326943,0.37043221019636563,0.25834792705889864,0.7922383602657131,0.10889374289154077,0.011608548985237045,0.006156326324224415,0.008497971618956698,0.013951427790890796,0.01597418015736081,0.07661480452968489,0.11407016844618652
1965-02-01,0.37043221019636563,0.25834792705889864,0.7922383602657131,0.10889374289154077,0.011608548985237045,0.006156326324224415,0.008497971618956698,0.013951427790890796,0.01597418015736081,0.07661480452968489,0.11407016844618652,0.12714822160301414
1965-03-01,0.2180753959930341,0.5047230374760125,0.08199200915112648,0.011366759627794345,0.005916186806637419,0.00849739678336997,0.014053824112929967,0.01597418015736081,0.07661480452968489,0.11407016844618652,0.12714822160301414,0.12379973211169443
1965-04-01,0.2890865453837371,0.06181570884581576,0.011185417609712322,0.005736082168447171,0.008496965656679923,0.014130621354459348,0.01597418015736081,0.07661480452968489,0.11407016844618652,0.12714822160301414,0.12379973211169443,0.14951037520644694
1965-05-01,0.06181570884581576,0.011185417609712322,0.005736082168447171,0.008496965656679923,0.014130621354459348,0.01597418015736081,0.07661480452968489,0.11407016844618652,0.12714822160301414,0.12379973211169443,0.14951037520644694,0.12813467090447253
1965-06-01,0.011185417609712322,0.005736082168447171,0.008496965656679923,0.014130621354459348,0.01597418015736081,0.07661480452968489,0.11407016844618652,0.12714822160301414,0.12379973211169443,0.14951037520644694,0.12813467090447253,0.04238266722069073
1965-07-01,0.005736082168447171,0.008496965656679923,0.014130621354459348,0.01597418015736081,0.07661480452968489,0.11407016844618652,0.12714822160301414,0.12379973211169443,0.14951037520644694,0.12813467090447253,0.04238266722069073,0.010043881586775449
1965-08-01,0.008496965656679923,0.014130621354459348,0.01597418015736081,0.07661480452968489,0.11407016844618652,0.12714822160301414,0.12379973211169443,0.14951037520644694,0.12813467090447253,0.04238266722069073,0.010043881586775449,0.0054979743961457985
1965-09-01,0.014130621354459348,0.01597418015736081,0.07661480452968489,0.11407016844618652,0.12714822160301414,0.12379973211169443,0.14951037520644694,0.12813467090447253,0.04238266722069073,0.010043881586775449,0.0054979743961457985,0.00847765741901024
1965-10-01,0.01597418015736081,0.07661480452968489,0.11407016844618652,0.12714822160301414,0.12379973211169443,0.14951037520644694,0.12813467090447253,0.04238266722069073,0.010043881586775449,0.0054979743961457985,0.00847765741901024,0.014145547275846894
1965-11-01,0.07661480452968489,0.11407016844618652,0.12714822160301414,0.12379973211169443,0.14951037520644694,0.12813467090447253,0.04238266722069073,0.010043881586775449,0.0054979743961457985,0.00847765741901024,0.014145547275846894,0.01540534364244692
1965-12-01,0.11407016844618652,0.12714822160301414,0.12379973211169443,0.14951037520644694,0.12813467090447253,0.04238266722069073,0.010043881586775449,0.0054979743961457985,0.00847765741901024,0.014145547275846894,0.01540534364244692,0.04439623933808756
1966-01-01,0.0715710003338177,0.08494095534854315,0.08572512586654946,0.06795492510902261,0.021445055578478093,0.006471636882021116,0.005084841348868238,0.008411084549443122,0.014018594437134746,0.01540534364244692,0.04439623933808756,0.27161957586868357
1966-02-01,0.08494095534854315,0.08572512586654946,0.06795492510902261,0.021445055578478093,0.006471636882021116,0.005084841348868238,0.008411084549443122,0.014018594437134746,0.01540534364244692,0.04439623933808756,0.27161957586868357,0.1430274276799274
1966-03-01,0.1221738397750623,0.10234335127785113,0.03340940508831388,0.008512919570452164,0.005320917375883987,0.008449126189195761,0.014091138916398828,0.01540534364244692,0.04439623933808756,0.27161957586868357,0.1430274276799274,0.12844676239576228
1966-04-01,0.12813467090447253,0.04238266722069073,0.010043881586775449,0.0054979743961457985,0.00847765741901024,0.014145547275846894,0.01540534364244692,0.04439623933808756,0.27161957586868357,0.1430274276799274,0.12844676239576228,0.23655400249214187
1966-05-01,0.04238266722069073,0.010043881586775449,0.0054979743961457985,0.00847765741901024,0.014145547275846894,0.01540534364244692,0.04439623933808756,0.27161957586868357,0.1430274276799274,0.12844676239576228,0.23655400249214187,0.4025424860518639
1966-06-01,0.010043881586775449,0.0054979743961457985,0.00847765741901024,0.014145547275846894,0.01540534364244692,0.04439623933808756,0.27161957586868357,0.1430274276799274,0.12844676239576228,0.23655400249214187,0.4025424860518639,0.20133181570325998
1966-07-01,0.0054979743961457985,0.00847765741901024,0.014145547275846894,0.01540534364244692,0.04439623933808756,0.27161957586868357,0.1430274276799274,0.12844676239576228,0.23655400249214187,0.4025424860518639,0.20133181570325998,0.020577679172550576
1966-08-01,0.00847765741901024,0.014145547275846894,0.01540534364244692,0.04439623933808756,0.27161957586868357,0.1430274276799274,0.12844676239576228,0.23655400249214187,0.4025424860518639,0.20133181570325998,0.020577679172550576,0.006095021689958127
1966-09-01,0.014145547275846894,0.01540534364244692,0.04439623933808756,0.27161957586868357,0.1430274276799274,0.12844676239576228,0.23655400249214187,0.4025424860518639,0.20133181570325998,0.020577679172550576,0.006095021689958127,0.008540565272637558
1966-10-01,0.01540534364244692,0.04439623933808756,0.27161957586868357,0.1430274276799274,0.12844676239576228,0.23655400249214187,0.4025424860518639,0.20133181570325998,0.020577679172550576,0.006095021689958127,0.008540565272637558,0.014571122658688084
1966-11-01,0.04439623933808756,0.27161957586868357,0.1430274276799274,0.12844676239576228,0.23655400249214187,0.4025424860518639,0.20133181570325998,0.020577679172550576,0.006095021689958127,0.008540565272637558,0.014571122658688084,0.015430357229452442
1966-12-01,0.27161957586868357,0.1430274276799274,0.12844676239576228,0.23655400249214187,0.4025424860518639,0.20133181570325998,0.020577679172550576,0.006095021689958127,0.008540565272637558,0.014571122658688084,0.015430357229452442,0.04063401776441414
1967-01-01,0.1430274276799274,0.10585259162684853,0.4774214486521766,1.3027900932722838,0.7367162237500396,0.05387372601800919,0.007771554171023718,0.008694169890766055,0.015933683659920105,0.015430357229452442,0.04063401776441414,0.1100151368130558
1967-02-01,0.10585259162684853,0.4774214486521766,1.3027900932722838,0.7367162237500396,0.05387372601800919,0.007771554171023718,0.008694169890766055,0.015933683659920105,0.015430357229452442,0.04063401776441414,0.1100151368130558,0.12553550424933457
1967-03-01,0.3397829079892996,0.7883628891463295,0.430782276294737,0.03484741353488998,0.006813535610414809,0.008606395823264057,0.015155077373501805,0.015430357229452442,0.04063401776441414,0.1100151368130558,0.12553550424933457,0.1188625223337575
1967-04-01,0.4025424860518639,0.20133181570325998,0.020577679172550576,0.006095021689958127,0.008540565272637558,0.014571122658688084,0.015430357229452442,0.04063401776441414,0.1100151368130558,0.12553550424933457,0.1188625223337575,0.1438946483637776
1967-05-01,0.20133181570325998,0.020577679172550576,0.006095021689958127,0.008540565272637558,0.014571122658688084,0.015430357229452442,0.04063401776441414,0.1100151368130558,0.12553550424933457,0.1188625223337575,0.1438946483637776,0.12121986737571411
1967-06-01,0.020577679172550576,0.006095021689958127,0.008540565272637558,0.014571122658688084,0.015430357229452442,0.04063401776441414,0.1100151368130558,0.12553550424933457,0.1188625223337575,0.1438946483637776,0.12121986737571411,0.04349803248412696
1967-07-01,0.006095021689958127,0.008540565272637558,0.014571122658688084,0.015430357229452442,0.04063401776441414,0.1100151368130558,0.12553550424933457,0.1188625223337575,0.1438946483637776,0.12121986737571411,0.04349803248412696,0.01021333352271791
1967-08-01,0.008540565272637558,0.014571122658688084,0.015430357229452442,0.04063401776441414,0.1100151368130558,0.12553550424933457,0.1188625223337575,0.1438946483637776,0.12121986737571411,0.04349803248412696,0.01021333352271791,0.005521114748770993
1967-09-01,0.014571122658688084,0.015430357229452442,0.04063401776441414,0.1100151368130558,0.12553550424933457,0.1188625223337575,0.1438946483637776,0.12121986737571411,0.04349803248412696,0.01021333352271791,0.005521114748770993,0.008474718598511446
1967-10-01,0.015430357229452442,0.04063401776441414,0.1100151368130558,0.12553550424933457,0.1188625223337575,0.1438946483637776,0.12121986737571411,0.04349803248412696,0.01021333352271791,0.005521114748770993,0.008474718598511446,0.014100183505975233
1967-11-01,0.04063401776441414,0.1100151368130558,0.12553550424933457,0.1188625223337575,0.1438946483637776,0.12121986737571411,0.04349803248412696,0.01021333352271791,0.005521114748770993,0.008474718598511446,0.014100183505975233,0.020753730089029684
1967-12-01,0.1100151368130558,0.12553550424933457,0.1188625223337575,0.1438946483637776,0.12121986737571411,0.04349803248412696,0.01021333352271791,0.005521114748770993,0.008474718598511446,0.014100183505975233,0.020753730089029684,0.04790943227535899
1968-01-01,0.0643137722422596,0.06272351134782704,0.06045435507453751,0.03683830922960971,0.026464199263941137,0.007234170593762194,0.005188972935681614,0.008397859857198549,0.013814457472712269,0.020753730089029684,0.04790943227535899,0.12624683426986982
1968-02-01,0.06272351134782704,0.06045435507453751,0.03683830922960971,0.026464199263941137,0.007234170593762194,0.005188972935681614,0.008397859857198549,0.013814457472712269,0.020753730089029684,0.04790943227535899,0.12624683426986982,0.4135397321270575
1968-03-01,0.108134522668389,0.08505634245595507,0.03619781824690446,0.008936549410308317,0.005378768257446973,0.008441779137948776,0.013977729491719677,0.020753730089029684,0.04790943227535899,0.12624683426986982,0.4135397321270575,0.3782284540986474
1968-04-01,0.12121986737571411,0.04349803248412696,0.01021333352271791,0.005521114748770993,0.008474718598511446,0.014100183505975233,0.020753730089029684,0.04790943227535899,0.12624683426986982,0.4135397321270575,0.3782284540986474,0.3738202219471083
1968-05-01,0.04349803248412696,0.01021333352271791,0.005521114748770993,0.008474718598511446,0.014100183505975233,0.020753730089029684,0.04790943227535899,0.12624683426986982,0.4135397321270575,0.3782284540986474,0.3738202219471083,0.33075800168552605
1968-06-01,0.01021333352271791,0.005521114748770993,0.008474718598511446,0.014100183505975233,0.020753730089029684,0.04790943227535899,0.12624683426986982,0.4135397321270575,0.3782284540986474,0.3738202219471083,0.33075800168552605,0.10284715331139839
1968-07-01,0.005521114748770993,0.008474718598511446,0.014100183505975233,0.020753730089029684,0.04790943227535899,0.12624683426986982,0.4135397321270575,0.3782284540986474,0.3738202219471083,0.33075800168552605,0.10284715331139839,0.013816168377164477
1968-08-01,0.008474718598511446,0.014100183505975233,0.020753730089029684,0.04790943227535899,0.12624683426986982,0.4135397321270575,0.3782284540986474,0.3738202219471083,0.33075800168552605,0.10284715331139839,0.013816168377164477,0.005733345758911155
1968-09-01,0.014100183505975233,0.020753730089029684,0.04790943227535899,0.12624683426986982,0.4135397321270575,0.3782284540986474,0.3738202219471083,0.33075800168552605,0.10284715331139839,0.013816168377164477,0.005733345758911155,0.008506272604984417
1968-10-01,0.020753730089029684,0.04790943227535899,0.12624683426986982,0.4135397321270575,0.3782284540986474,0.3738202219471083,0.33075800168552605,0.10284715331139839,0.013816168377164477,0.005733345758911155,0.008506272604984417,0.014165738772952156
1968-11-01,0.04790943227535899,0.12624683426986982,0.4135397321270575,0.3782284540986474,0.3738202219471083,0.33075800168552605,0.10284715331139839,0.013816168377164477,0.005733345758911155,0.008506272604984417,0.014165738772952156,0.019689403907069986
1968-12-01,0.12624683426986982,0.4135397321270575,0.3782284540986474,0.3738202219471083,0.33075800168552605,0.10284715331139839,0.013816168377164477,0.005733345758911155,0.008506272604984417,0.014165738772952156,0.019689403907069986,0.04218042627794677
1969-01-01,1.360332797692013,1.2298702042898317,1.0951194361995253,0.9797599136237636,0.29353524298666256,0.02344692743877174,0.006144012481312345,0.008539852886326922,0.014109456174108427,0.019689403907069986,0.04218042627794677,0.11045675040677819
1969-02-01,1.2298702042898317,1.0951194361995253,0.9797599136237636,0.29353524298666256,0.02344692743877174,0.006144012481312345,0.008539852886326922,0.014109456174108427,0.019689403907069986,0.04218042627794677,0.11045675040677819,0.18909799231250313
1969-03-01,0.6829484566267157,0.608901678230485,0.18457062031508303,0.01794363654642473,0.005909345782797379,0.008520664154131205,0.014141617659161984,0.019689403907069986,0.04218042627794677,0.11045675040677819,0.18909799231250313,0.1280992607041874
1969-04-01,0.33075800168552605,0.10284715331139839,0.013816168377164477,0.005733345758911155,0.008506272604984417,0.014165738772952156,0.019689403907069986,0.04218042627794677,0.11045675040677819,0.18909799231250313,0.1280992607041874,0.18533347211981185
1969-05-01,0.10284715331139839,0.013816168377164477,0.005733345758911155,0.008506272604984417,0.014165738772952156,0.019689403907069986,0.04218042627794677,0.11045675040677819,0.18909799231250313,0.1280992607041874,0.18533347211981185,0.12783616338083817
1969-06-01,0.013816168377164477,0.005733345758911155,0.008506272604984417,0.014165738772952156,0.019689403907069986,0.04218042627794677,0.11045675040677819,0.18909799231250313,0.1280992607041874,0.18533347211981185,0.12783616338083817,0.042301666721328485
1969-07-01,0.005733345758911155,0.008506272604984417,0.014165738772952156,0.019689403907069986,0.04218042627794677,0.11045675040677819,0.18909799231250313,0.1280992607041874,0.18533347211981185,0.12783616338083817,0.042301666721328485,0.010838468251826747
1969-08-01,0.008506272604984417,0.014165738772952156,0.019689403907069986,0.04218042627794677,0.11045675040677819,0.18909799231250313,0.1280992607041874,0.18533347211981185,0.12783616338083817,0.042301666721328485,0.010838468251826747,0.005509052792037193
1969-09-01,0.014165738772952156,0.019689403907069986,0.04218042627794677,0.11045675040677819,0.18909799231250313,0.1280992607041874,0.18533347211981185,0.12783616338083817,0.042301666721328485,0.010838468251826747,0.005509052792037193,0.008482563482742823
1969-10-01,0.019689403907069986,0.04218042627794677,0.11045675040677819,0.18909799231250313,0.1280992607041874,0.18533347211981185,0.12783616338083817,0.042301666721328485,0.010838468251826747,0.005509052792037193,0.008482563482742823,0.014113062043950578
1969-11-01,0.04218042627794677,0.11045675040677819,0.18909799231250313,0.1280992607041874,0.18533347211981185,0.12783616338083817,0.042301666721328485,0.010838468251826747,0.005509052792037193,0.008482563482742823,0.014113062043950578,0.015561719647162067
1969-12-01,0.11045675040677819,0.18909799231250313,0.1280992607041874,0.18533347211981185,0.12783616338083817,0.042301666721328485,0.010838468251826747,0.005509052792037193,0.008482563482742823,0.014113062043950578,0.015561719647162067,0.061245044021669484
1970-01-01,0.3503449685265181,0.10428883401476152,0.2469290619766916,0.06661164125266801,0.021080553331348017,0.010047276874751963,0.005134694130379517,0.008433161836239746,0.013872410893601325,0.015561719647162067,0.061245044021669484,0.12243189986607061
1970-02-01,0.10428883401476152,0.2469290619766916,0.06661164125266801,0.021080553331348017,0.010047276874751963,0.005134694130379517,0.008433161836239746,0.013872410893601325,0.015561719647162067,0.061245044021669484,0.12243189986607061,0.15347679394676444
1970-03-01,0.2117315820584746,0.10159708246876524,0.033206903839908285,0.010499386233080412,0.005348613365612475,0.008461391348527218,0.014009925836658041,0.015561719647162067,0.061245044021669484,0.12243189986607061,0.15347679394676444,0.1260931890373546
1970-04-01,0.12783616338083817,0.042301666721328485,0.010838468251826747,0.005509052792037193,0.008482563482742823,0.014113062043950578,0.015561719647162067,0.061245044021669484,0.12243189986607061,0.15347679394676444,0.1260931890373546,0.15819341658500966
1970-05-01,0.042301666721328485,0.010838468251826747,0.005509052792037193,0.008482563482742823,0.014113062043950578,0.015561719647162067,0.061245044021669484,0.12243189986607061,0.15347679394676444,0.1260931890373546,0.15819341658500966,0.13391175725476784
1970-06-01,0.010838468251826747,0.005509052792037193,0.008482563482742823,0.014113062043950578,0.015561719647162067,0.061245044021669484,0.12243189986607061,0.15347679394676444,0.1260931890373546,0.15819341658500966,0.13391175725476784,0.05288107470772959
1970-07-01,0.005509052792037193,0.008482563482742823,0.014113062043950578,0.015561719647162067,0.061245044021669484,0.12243189986607061,0.15347679394676444,0.1260931890373546,0.15819341658500966,0.13391175725476784,0.05288107470772959,0.011163052302013785
1970-08-01,0.008482563482742823,0.014113062043950578,0.015561719647162067,0.061245044021669484,0.12243189986607061,0.15347679394676444,0.1260931890373546,0.15819341658500966,0.13391175725476784,0.05288107470772959,0.011163052302013785,0.005705333476288823
1970-09-01,0.014113062043950578,0.015561719647162067,0.061245044021669484,0.12243189986607061,0.15347679394676444,0.1260931890373546,0.15819341658500966,0.13391175725476784,0.05288107470772959,0.011163052302013785,0.005705333476288823,0.008496678238886559
1970-10-01,0.015561719647162067,0.061245044021669484,0.12243189986607061,0.15347679394676444,0.1260931890373546,0.15819341658500966,0.13391175725476784,0.05288107470772959,0.011163052302013785,0.005705333476288823,0.008496678238886559,0.014314782529343926
1970-11-01,0.061245044021669484,0.12243189986607061,0.15347679394676444,0.1260931890373546,0.15819341658500966,0.13391175725476784,0.05288107470772959,0.011163052302013785,0.005705333476288823,0.008496678238886559,0.014314782529343926,0.015590834606006125
1970-12-01,0.12243189986607061,0.15347679394676444,0.1260931890373546,0.15819341658500966,0.13391175725476784,0.05288107470772959,0.011163052302013785,0.005705333476288823,0.008496678238886559,0.014314782529343926,0.015590834606006125,0.043068845656448224
1971-01-01,0.1900495758806941,0.09526151151401402,0.1247988120700817,0.09395181368535148,0.06868788927015297,0.011507905100593626,0.00601795720951185,0.008496678238886559,0.014780153077871392,0.015590834606006125,0.043068845656448224,0.12453894008787841
1971-02-01,0.09526151151401402,0.1247988120700817,0.09395181368535148,0.06868788927015297,0.011507905100593626,0.00601795720951185,0.008496678238886559,0.014780153077871392,0.015590834606006125,0.043068845656448224,0.12453894008787841,0.12618391046549543
1971-03-01,0.14388144322146912,0.11678606715358938,0.059655423805911045,0.011310846358548003,0.005839315076241549,0.008496678238886559,0.01451422705014141,0.015590834606006125,0.043068845656448224,0.12453894008787841,0.12618391046549543,0.11719477509756591
1971-04-01,0.13391175725476784,0.05288107470772959,0.011163052302013785,0.005705333476288823,0.008496678238886559,0.014314782529343926,0.015590834606006125,0.043068845656448224,0.12453894008787841,0.12618391046549543,0.11719477509756591,0.13876053298694005
1971-05-01,0.05288107470772959,0.011163052302013785,0.005705333476288823,0.008496678238886559,0.014314782529343926,0.015590834606006125,0.043068845656448224,0.12453894008787841,0.12618391046549543,0.11719477509756591,0.13876053298694005,0.12011974373825354
1971-06-01,0.011163052302013785,0.005705333476288823,0.008496678238886559,0.014314782529343926,0.015590834606006125,0.043068845656448224,0.12453894008787841,0.12618391046549543,0.11719477509756591,0.13876053298694005,0.12011974373825354,0.040422660000358566
1971-07-01,0.005705333476288823,0.008496678238886559,0.014314782529343926,0.015590834606006125,0.043068845656448224,0.12453894008787841,0.12618391046549543,0.11719477509756591,0.13876053298694005,0.12011974373825354,0.040422660000358566,0.010458340138809976
1971-08-01,0.008496678238886559,0.014314782529343926,0.015590834606006125,0.043068845656448224,0.12453894008787841,0.12618391046549543,0.11719477509756591,0.13876053298694005,0.12011974373825354,0.040422660000358566,0.010458340138809976,0.005486534657853368
1971-09-01,0.014314782529343926,0.015590834606006125,0.043068845656448224,0.12453894008787841,0.12618391046549543,0.11719477509756591,0.13876053298694005,0.12011974373825354,0.040422660000358566,0.010458340138809976,0.005486534657853368,0.00847036259577133
1971-10-01,0.015590834606006125,0.043068845656448224,0.12453894008787841,0.12618391046549543,0.11719477509756591,0.13876053298694005,0.12011974373825354,0.040422660000358566,0.010458340138809976,0.005486534657853368,0.00847036259577133,0.014857676996945658
1971-11-01,0.043068845656448224,0.12453894008787841,0.12618391046549543,0.11719477509756591,0.13876053298694005,0.12011974373825354,0.040422660000358566,0.010458340138809976,0.005486534657853368,0.00847036259577133,0.014857676996945658,0.01622997470711385
1971-12-01,0.12453894008787841,0.12618391046549543,0.11719477509756591,0.13876053298694005,0.12011974373825354,0.040422660000358566,0.010458340138809976,0.005486534657853368,0.00847036259577133,0.014857676996945658,0.01622997470711385,0.05798753001883415
1972-01-01,0.06723160021498353,0.0552186487849649,0.0373508358787685,0.0318877528610372,0.012625023086983385,0.008336700366176487,0.0050333625265523,0.008378257844868026,0.01722317818207919,0.01622997470711385,0.05798753001883415,0.1067979556614589
1972-02-01,0.0552186487849649,0.0373508358787685,0.0318877528610372,0.012625023086983385,0.008336700366176487,0.0050333625265523,0.008378257844868026,0.01722317818207919,0.01622997470711385,0.05798753001883415,0.1067979556614589,0.14703277406433238
1972-03-01,0.0952992342262951,0.08230603336230367,0.02850938703748349,0.00954906595053848,0.0052923180301529095,0.008430889131098485,0.015871463219145742,0.01622997470711385,0.05798753001883415,0.1067979556614589,0.14703277406433238,0.19927483337346313
1972-04-01,0.12011974373825354,0.040422660000358566,0.010458340138809976,0.005486534657853368,0.00847036259577133,0.014857676996945658,0.01622997470711385,0.05798753001883415,0.1067979556614589,0.14703277406433238,0.19927483337346313,0.28341022598754306
1972-05-01,0.040422660000358566,0.010458340138809976,0.005486534657853368,0.00847036259577133,0.014857676996945658,0.01622997470711385,0.05798753001883415,0.1067979556614589,0.14703277406433238,0.19927483337346313,0.28341022598754306,0.20567222877468477
1972-06-01,0.010458340138809976,0.005486534657853368,0.00847036259577133,0.014857676996945658,0.01622997470711385,0.05798753001883415,0.1067979556614589,0.14703277406433238,0.19927483337346313,0.28341022598754306,0.20567222877468477,0.0904029389406514
1972-07-01,0.005486534657853368,0.00847036259577133,0.014857676996945658,0.01622997470711385,0.05798753001883415,0.1067979556614589,0.14703277406433238,0.19927483337346313,0.28341022598754306,0.20567222877468477,0.0904029389406514,0.011711290138479213
1972-08-01,0.00847036259577133,0.014857676996945658,0.01622997470711385,0.05798753001883415,0.1067979556614589,0.14703277406433238,0.19927483337346313,0.28341022598754306,0.20567222877468477,0.0904029389406514,0.011711290138479213,0.005589211020423007
1972-09-01,0.014857676996945658,0.01622997470711385,0.05798753001883415,0.1067979556614589,0.14703277406433238,0.19927483337346313,0.28341022598754306,0.20567222877468477,0.0904029389406514,0.011711290138479213,0.005589211020423007,0.008489200546857126
1972-10-01,0.01622997470711385,0.05798753001883415,0.1067979556614589,0.14703277406433238,0.19927483337346313,0.28341022598754306,0.20567222877468477,0.0904029389406514,0.011711290138479213,0.005589211020423007,0.008489200546857126,0.014119396732248275
1972-11-01,0.05798753001883415,0.1067979556614589,0.14703277406433238,0.19927483337346313,0.28341022598754306,0.20567222877468477,0.0904029389406514,0.011711290138479213,0.005589211020423007,0.008489200546857126,0.014119396732248275,0.019461905054897526
1972-12-01,0.1067979556614589,0.14703277406433238,0.19927483337346313,0.28341022598754306,0.20567222877468477,0.0904029389406514,0.011711290138479213,0.005589211020423007,0.008489200546857126,0.014119396732248275,0.019461905054897526,0.0635567000412998
1973-01-01,0.16105148640974978,0.4245789110265023,0.6882744543814822,0.4168739355249777,0.2375362783183011,0.013974975364688055,0.00549540615811568,0.008463028624754109,0.013900916990940962,0.019461905054897526,0.0635567000412998,0.12151995577469121
1973-02-01,0.4245789110265023,0.6882744543814822,0.4168739355249777,0.2375362783183011,0.013974975364688055,0.00549540615811568,0.008463028624754109,0.013900916990940962,0.019461905054897526,0.0635567000412998,0.12151995577469121,0.16372713466910793
1973-03-01,0.45692346672780265,0.29618724595338175,0.15346008438821557,0.012681440949711574,0.00554900893657701,0.008477984008812976,0.014025762557402283,0.019461905054897526,0.0635567000412998,0.12151995577469121,0.16372713466910793,0.12387600119731934
1973-04-01,0.20567222877468477,0.0904029389406514,0.011711290138479213,0.005589211020423007,0.008489200546857126,0.014119396732248275,0.019461905054897526,0.0635567000412998,0.12151995577469121,0.16372713466910793,0.12387600119731934,0.2225156968547123
1973-05-01,0.0904029389406514,0.011711290138479213,0.005589211020423007,0.008489200546857126,0.014119396732248275,0.019461905054897526,0.0635567000412998,0.12151995577469121,0.16372713466910793,0.12387600119731934,0.2225156968547123,0.22236147233873194
1973-06-01,0.011711290138479213,0.005589211020423007,0.008489200546857126,0.014119396732248275,0.019461905054897526,0.0635567000412998,0.12151995577469121,0.16372713466910793,0.12387600119731934,0.2225156968547123,0.22236147233873194,0.0439816279943534
1973-07-01,0.005589211020423007,0.008489200546857126,0.014119396732248275,0.019461905054897526,0.0635567000412998,0.12151995577469121,0.16372713466910793,0.12387600119731934,0.2225156968547123,0.22236147233873194,0.0439816279943534,0.010630835473044617
1973-08-01,0.008489200546857126,0.014119396732248275,0.019461905054897526,0.0635567000412998,0.12151995577469121,0.16372713466910793,0.12387600119731934,0.2225156968547123,0.22236147233873194,0.0439816279943534,0.010630835473044617,0.005543116575023548
1973-09-01,0.014119396732248275,0.019461905054897526,0.0635567000412998,0.12151995577469121,0.16372713466910793,0.12387600119731934,0.2225156968547123,0.22236147233873194,0.0439816279943534,0.010630835473044617,0.005543116575023548,0.008486234819582121
1973-10-01,0.019461905054897526,0.0635567000412998,0.12151995577469121,0.16372713466910793,0.12387600119731934,0.2225156968547123,0.22236147233873194,0.0439816279943534,0.010630835473044617,0.005543116575023548,0.008486234819582121,0.014118997853627354
1973-11-01,0.0635567000412998,0.12151995577469121,0.16372713466910793,0.12387600119731934,0.2225156968547123,0.22236147233873194,0.0439816279943534,0.010630835473044617,0.005543116575023548,0.008486234819582121,0.014118997853627354,0.02505544668951236
1973-12-01,0.12151995577469121,0.16372713466910793,0.12387600119731934,0.2225156968547123,0.22236147233873194,0.0439816279943534,0.010630835473044617,0.005543116575023548,0.008486234819582121,0.014118997853627354,0.02505544668951236,0.044747668628909956
1974-01-01,0.23617610913123968,0.08528416623385532,0.4142490732837436,0.49197553156319,0.02864037905996013,0.009112929370232375,0.00528798115381811,0.008449682852016591,0.013899122037146815,0.02505544668951236,0.044747668628909956,0.11297818114315353
1974-02-01,0.08528416623385532,0.4142490732837436,0.49197553156319,0.02864037905996013,0.009112929370232375,0.00528798115381811,0.008449682852016591,0.013899122037146815,0.02505544668951236,0.044747668628909956,0.11297818114315353,0.1331821996215692
1974-03-01,0.3046871438957257,0.3379103548634997,0.03740680702247057,0.009980304286125084,0.00543377282307836,0.008470569690625466,0.01402476536084998,0.02505544668951236,0.044747668628909956,0.11297818114315353,0.1331821996215692,0.14233255881177714
1974-04-01,0.22236147233873194,0.0439816279943534,0.010630835473044617,0.005543116575023548,0.008486234819582121,0.014118997853627354,0.02505544668951236,0.044747668628909956,0.11297818114315353,0.1331821996215692,0.14233255881177714,0.2762581927041818
1974-05-01,0.0439816279943534,0.010630835473044617,0.005543116575023548,0.008486234819582121,0.014118997853627354,0.02505544668951236,0.044747668628909956,0.11297818114315353,0.1331821996215692,0.14233255881177714,0.2762581927041818,0.2935423683745325
1974-06-01,0.010630835473044617,0.005543116575023548,0.008486234819582121,0.014118997853627354,0.02505544668951236,0.044747668628909956,0.11297818114315353,0.1331821996215692,0.14233255881177714,0.2762581927041818,0.2935423683745325,0.07353040852157627
1974-07-01,0.005543116575023548,0.008486234819582121,0.014118997853627354,0.02505544668951236,0.044747668628909956,0.11297818114315353,0.1331821996215692,0.14233255881177714,0.2762581927041818,0.2935423683745325,0.07353040852157627,0.011064522930990972
1974-08-01,0.008486234819582121,0.014118997853627354,0.02505544668951236,0.044747668628909956,0.11297818114315353,0.1331821996215692,0.14233255881177714,0.2762581927041818,0.2935423683745325,0.07353040852157627,0.011064522930990972,0.0057172954768280665
1974-09-01,0.014118997853627354,0.02505544668951236,0.044747668628909956,0.11297818114315353,0.1331821996215692,0.14233255881177714,0.2762581927041818,0.2935423683745325,0.07353040852157627,0.011064522930990972,0.0057172954768280665,0.008902119563738951
1974-10-01,0.02505544668951236,0.044747668628909956,0.11297818114315353,0.1331821996215692,0.14233255881177714,0.2762581927041818,0.2935423683745325,0.07353040852157627,0.011064522930990972,0.0057172954768280665,0.008902119563738951,0.014264722979326544
1974-11-01,0.044747668628909956,0.11297818114315353,0.1331821996215692,0.14233255881177714,0.2762581927041818,0.2935423683745325,0.07353040852157627,0.011064522930990972,0.0057172954768280665,0.008902119563738951,0.014264722979326544,0.04114066357668624
1974-12-01,0.11297818114315353,0.1331821996215692,0.14233255881177714,0.2762581927041818,0.2935423683745325,0.07353040852157627,0.011064522930990972,0.0057172954768280665,0.008902119563738951,0.014264722979326544,0.04114066357668624,0.041549215648266705
1975-01-01,0.09872390141731548,0.16833867549891549,0.6560903046063562,0.8122895637242926,0.16160989143246302,0.011064522930990972,0.006071786211938443,0.010321164200722327,0.014554885102793168,0.04114066357668624,0.041549215648266705,0.0968883878463452
1975-02-01,0.16833867549891549,0.6560903046063562,0.8122895637242926,0.16160989143246302,0.011064522930990972,0.006071786211938443,0.010321164200722327,0.014554885102793168,0.04114066357668624,0.041549215648266705,0.0968883878463452,0.11692188941548151
1975-03-01,0.43904338351939937,0.5158625949530011,0.11127875834052772,0.011064522930990972,0.005869220077589657,0.009510281551017541,0.014389078175097953,0.04114066357668624,0.041549215648266705,0.0968883878463452,0.11692188941548151,0.1300122844168558
1975-04-01,0.2935423683745325,0.07353040852157627,0.011064522930990972,0.0057172954768280665,0.008902119563738951,0.014264722979326544,0.04114066357668624,0.041549215648266705,0.0968883878463452,0.11692188941548151,0.1300122844168558,0.14640233943865374
1975-05-01,0.07353040852157627,0.011064522930990972,0.0057172954768280665,0.008902119563738951,0.014264722979326544,0.04114066357668624,0.041549215648266705,0.0968883878463452,0.11692188941548151,0.1300122844168558,0.14640233943865374,0.12530390833402832
1975-06-01,0.011064522930990972,0.0057172954768280665,0.008902119563738951,0.014264722979326544,0.04114066357668624,0.041549215648266705,0.0968883878463452,0.11692188941548151,0.1300122844168558,0.14640233943865374,0.12530390833402832,0.04133991136662544
1975-07-01,0.0057172954768280665,0.008902119563738951,0.014264722979326544,0.04114066357668624,0.041549215648266705,0.0968883878463452,0.11692188941548151,0.1300122844168558,0.14640233943865374,0.12530390833402832,0.04133991136662544,0.010005555731159382
1975-08-01,0.008902119563738951,0.014264722979326544,0.04114066357668624,0.041549215648266705,0.0968883878463452,0.11692188941548151,0.1300122844168558,0.14640233943865374,0.12530390833402832,0.04133991136662544,0.010005555731159382,0.005513274037249007
1975-09-01,0.014264722979326544,0.04114066357668624,0.041549215648266705,0.0968883878463452,0.11692188941548151,0.1300122844168558,0.14640233943865374,0.12530390833402832,0.04133991136662544,0.010005555731159382,0.005513274037249007,0.008534290153185992
1975-10-01,0.04114066357668624,0.041549215648266705,0.0968883878463452,0.11692188941548151,0.1300122844168558,0.14640233943865374,0.12530390833402832,0.04133991136662544,0.010005555731159382,0.005513274037249007,0.008534290153185992,0.020381750320960526
1975-11-01,0.041549215648266705,0.0968883878463452,0.11692188941548151,0.1300122844168558,0.14640233943865374,0.12530390833402832,0.04133991136662544,0.010005555731159382,0.005513274037249007,0.008534290153185992,0.020381750320960526,0.017598231732362243
1975-12-01,0.0968883878463452,0.11692188941548151,0.1300122844168558,0.14640233943865374,0.12530390833402832,0.04133991136662544,0.010005555731159382,0.005513274037249007,0.008534290153185992,0.020381750320960526,0.017598231732362243,0.03792269584304295
1976-01-01,0.025552505489920847,0.11289744072176938,0.07173896491148012,0.05521649354202366,0.016752654235184312,0.006299170531748814,0.005153689733832678,0.008665931853234004,0.0420815081401461,0.017598231732362243,0.03792269584304295,0.09340997445974242
1976-02-01,0.11289744072176938,0.07173896491148012,0.05521649354202366,0.016752654235184312,0.006299170531748814,0.005153689733832678,0.008665931853234004,0.0420815081401461,0.017598231732362243,0.03792269584304295,0.09340997445974242,0.12424420661395204
1976-03-01,0.11440375035557934,0.0952664448517406,0.030802515453150672,0.008417104931411996,0.005359166478642009,0.00859070802463514,0.029681646529182915,0.017598231732362243,0.03792269584304295,0.09340997445974242,0.12424420661395204,0.11373889472838743
1976-04-01,0.12530390833402832,0.04133991136662544,0.010005555731159382,0.005513274037249007,0.008534290153185992,0.020381750320960526,0.017598231732362243,0.03792269584304295,0.09340997445974242,0.12424420661395204,0.11373889472838743,0.1403853889319103
1976-05-01,0.04133991136662544,0.010005555731159382,0.005513274037249007,0.008534290153185992,0.020381750320960526,0.017598231732362243,0.03792269584304295,0.09340997445974242,0.12424420661395204,0.11373889472838743,0.1403853889319103,0.11855477627276889
1976-06-01,0.010005555731159382,0.005513274037249007,0.008534290153185992,0.020381750320960526,0.017598231732362243,0.03792269584304295,0.09340997445974242,0.12424420661395204,0.11373889472838743,0.1403853889319103,0.11855477627276889,0.046251230912696555
1976-07-01,0.005513274037249007,0.008534290153185992,0.020381750320960526,0.017598231732362243,0.03792269584304295,0.09340997445974242,0.12424420661395204,0.11373889472838743,0.1403853889319103,0.11855477627276889,0.046251230912696555,0.011388946280754396
1976-08-01,0.008534290153185992,0.020381750320960526,0.017598231732362243,0.03792269584304295,0.09340997445974242,0.12424420661395204,0.11373889472838743,0.1403853889319103,0.11855477627276889,0.046251230912696555,0.011388946280754396,0.005493960049826968
1976-09-01,0.020381750320960526,0.017598231732362243,0.03792269584304295,0.09340997445974242,0.12424420661395204,0.11373889472838743,0.1403853889319103,0.11855477627276889,0.046251230912696555,0.011388946280754396,0.005493960049826968,0.008500055367177572
1976-10-01,0.017598231732362243,0.03792269584304295,0.09340997445974242,0.12424420661395204,0.11373889472838743,0.1403853889319103,0.11855477627276889,0.046251230912696555,0.011388946280754396,0.005493960049826968,0.008500055367177572,0.01410040001013434
1976-11-01,0.03792269584304295,0.09340997445974242,0.12424420661395204,0.11373889472838743,0.1403853889319103,0.11855477627276889,0.046251230912696555,0.011388946280754396,0.005493960049826968,0.008500055367177572,0.01410040001013434,0.015503703068719737
1976-12-01,0.09340997445974242,0.12424420661395204,0.11373889472838743,0.1403853889319103,0.11855477627276889,0.046251230912696555,0.011388946280754396,0.005493960049826968,0.008500055367177572,0.01410040001013434,0.015503703068719737,0.043654143473699274
1977-01-01,0.058502932883038226,0.0396671871236617,0.044662687631134596,0.02484539926635628,0.03885359219250433,0.012524428004926372,0.005066776790433504,0.008511875316196117,0.013815431741428253,0.015503703068719737,0.043654143473699274,0.17718058414189375
1977-02-01,0.0396671871236617,0.044662687631134596,0.02484539926635628,0.03885359219250433,0.012524428004926372,0.005066776790433504,0.008511875316196117,0.013815431741428253,0.015503703068719737,0.043654143473699274,0.17718058414189375,0.3651294254929458
1977-03-01,0.09936137408872071,0.07839361469859206,0.043080814318328456,0.011875581305399528,0.005310881510086912,0.00850512105961409,0.013978270752117446,0.015503703068719737,0.043654143473699274,0.17718058414189375,0.3651294254929458,0.4676161705019025
1977-04-01,0.11855477627276889,0.046251230912696555,0.011388946280754396,0.005493960049826968,0.008500055367177572,0.01410040001013434,0.015503703068719737,0.043654143473699274,0.17718058414189375,0.3651294254929458,0.4676161705019025,0.46904188608226194
1977-05-01,0.046251230912696555,0.011388946280754396,0.005493960049826968,0.008500055367177572,0.01410040001013434,0.015503703068719737,0.043654143473699274,0.17718058414189375,0.3651294254929458,0.4676161705019025,0.46904188608226194,0.3259801173534138
1977-06-01,0.011388946280754396,0.005493960049826968,0.008500055367177572,0.01410040001013434,0.015503703068719737,0.043654143473699274,0.17718058414189375,0.3651294254929458,0.4676161705019025,0.46904188608226194,0.3259801173534138,0.11274349850434147
1977-07-01,0.005493960049826968,0.008500055367177572,0.01410040001013434,0.015503703068719737,0.043654143473699274,0.17718058414189375,0.3651294254929458,0.4676161705019025,0.46904188608226194,0.3259801173534138,0.11274349850434147,0.011694293132868122
1977-08-01,0.008500055367177572,0.01410040001013434,0.015503703068719737,0.043654143473699274,0.17718058414189375,0.3651294254929458,0.4676161705019025,0.46904188608226194,0.3259801173534138,0.11274349850434147,0.011694293132868122,0.0058178438903976944
1977-09-01,0.01410040001013434,0.015503703068719737,0.043654143473699274,0.17718058414189375,0.3651294254929458,0.4676161705019025,0.46904188608226194,0.3259801173534138,0.11274349850434147,0.011694293132868122,0.0058178438903976944,0.008502028100109738
1977-10-01,0.015503703068719737,0.043654143473699274,0.17718058414189375,0.3651294254929458,0.4676161705019025,0.46904188608226194,0.3259801173534138,0.11274349850434147,0.011694293132868122,0.0058178438903976944,0.008502028100109738,0.022694352218111277
1977-11-01,0.043654143473699274,0.17718058414189375,0.3651294254929458,0.4676161705019025,0.46904188608226194,0.3259801173534138,0.11274349850434147,0.011694293132868122,0.0058178438903976944,0.008502028100109738,0.022694352218111277,0.015497512043029215
1977-12-01,0.17718058414189375,0.3651294254929458,0.4676161705019025,0.46904188608226194,0.3259801173534138,0.11274349850434147,0.011694293132868122,0.0058178438903976944,0.008502028100109738,0.022694352218111277,0.015497512043029215,0.04310648379839559
1978-01-01,1.1424864178385103,1.6321149281044796,1.5236169248077167,0.9582594341292583,0.3380687963549065,0.013898488839438148,0.0065242540730017715,0.008520752614390862,0.052488216677324465,0.015497512043029215,0.04310648379839559,0.11167945872866535
1978-02-01,1.6321149281044796,1.5236169248077167,0.9582594341292583,0.3380687963549065,0.013898488839438148,0.0065242540730017715,0.008520752614390862,0.052488216677324465,0.015497512043029215,0.04310648379839559,0.11167945872866535,0.17585240463580304
1978-03-01,0.9210026169645997,0.5969569674002042,0.20931148329744076,0.012638948435683847,0.006120591111513727,0.008510052891944505,0.03546315127205978,0.015497512043029215,0.04310648379839559,0.11167945872866535,0.17585240463580304,0.216825025508591
1978-04-01,0.3259801173534138,0.11274349850434147,0.011694293132868122,0.0058178438903976944,0.008502028100109738,0.022694352218111277,0.015497512043029215,0.04310648379839559,0.11167945872866535,0.17585240463580304,0.216825025508591,0.33903798586190653
1978-05-01,0.11274349850434147,0.011694293132868122,0.0058178438903976944,0.008502028100109738,0.022694352218111277,0.015497512043029215,0.04310648379839559,0.11167945872866535,0.17585240463580304,0.216825025508591,0.33903798586190653,0.24446687357836255
1978-06-01,0.011694293132868122,0.0058178438903976944,0.008502028100109738,0.022694352218111277,0.015497512043029215,0.04310648379839559,0.11167945872866535,0.17585240463580304,0.216825025508591,0.33903798586190653,0.24446687357836255,0.05401997877503849
1978-07-01,0.0058178438903976944,0.008502028100109738,0.022694352218111277,0.015497512043029215,0.04310648379839559,0.11167945872866535,0.17585240463580304,0.216825025508591,0.33903798586190653,0.24446687357836255,0.05401997877503849,0.010760499285151631
1978-08-01,0.008502028100109738,0.022694352218111277,0.015497512043029215,0.04310648379839559,0.11167945872866535,0.17585240463580304,0.216825025508591,0.33903798586190653,0.24446687357836255,0.05401997877503849,0.010760499285151631,0.005672297097590054
1978-09-01,0.022694352218111277,0.015497512043029215,0.04310648379839559,0.11167945872866535,0.17585240463580304,0.216825025508591,0.33903798586190653,0.24446687357836255,0.05401997877503849,0.010760499285151631,0.005672297097590054,0.00848830734753435
1978-10-01,0.015497512043029215,0.04310648379839559,0.11167945872866535,0.17585240463580304,0.216825025508591,0.33903798586190653,0.24446687357836255,0.05401997877503849,0.010760499285151631,0.005672297097590054,0.00848830734753435,0.014132391854802905
1978-11-01,0.04310648379839559,0.11167945872866535,0.17585240463580304,0.216825025508591,0.33903798586190653,0.24446687357836255,0.05401997877503849,0.010760499285151631,0.005672297097590054,0.00848830734753435,0.014132391854802905,0.024460110437708394
1978-12-01,0.11167945872866535,0.17585240463580304,0.216825025508591,0.33903798586190653,0.24446687357836255,0.05401997877503849,0.010760499285151631,0.005672297097590054,0.00848830734753435,0.014132391854802905,0.024460110437708394,0.05114269520141676
1979-01-01,0.2907398239813677,0.5035547756345778,0.9385993738161176,0.5914498371415277,0.07381295757304301,0.009696416524713938,0.00586929350536739,0.008459009227801623,0.013959395042436798,0.024460110437708394,0.05114269520141676,0.11334973642275863
1979-02-01,0.5035547756345778,0.9385993738161176,0.5914498371415277,0.07381295757304301,0.009696416524713938,0.00586929350536739,0.008459009227801623,0.013959395042436798,0.024460110437708394,0.05114269520141676,0.11334973642275863,0.4309963900957711
1979-03-01,0.5959928664137113,0.39317385796257615,0.06250268397418328,0.01030446381639262,0.005756724129494626,0.008475751010506039,0.014058250363788858,0.024460110437708394,0.05114269520141676,0.11334973642275863,0.4309963900957711,0.3763287970948925
1979-04-01,0.24446687357836255,0.05401997877503849,0.010760499285151631,0.005672297097590054,0.00848830734753435,0.014132391854802905,0.024460110437708394,0.05114269520141676,0.11334973642275863,0.4309963900957711,0.3763287970948925,0.36875875280657433
1979-05-01,0.05401997877503849,0.010760499285151631,0.005672297097590054,0.00848830734753435,0.014132391854802905,0.024460110437708394,0.05114269520141676,0.11334973642275863,0.4309963900957711,0.3763287970948925,0.36875875280657433,0.1794860030232588
1979-06-01,0.010760499285151631,0.005672297097590054,0.00848830734753435,0.014132391854802905,0.024460110437708394,0.05114269520141676,0.11334973642275863,0.4309963900957711,0.3763287970948925,0.36875875280657433,0.1794860030232588,0.054110604071281584
1979-07-01,0.005672297097590054,0.00848830734753435,0.014132391854802905,0.024460110437708394,0.05114269520141676,0.11334973642275863,0.4309963900957711,0.3763287970948925,0.36875875280657433,0.1794860030232588,0.054110604071281584,0.011303390103407135
1979-08-01,0.00848830734753435,0.014132391854802905,0.024460110437708394,0.05114269520141676,0.11334973642275863,0.4309963900957711,0.3763287970948925,0.36875875280657433,0.1794860030232588,0.054110604071281584,0.011303390103407135,0.005725207841689158
1979-09-01,0.014132391854802905,0.024460110437708394,0.05114269520141676,0.11334973642275863,0.4309963900957711,0.3763287970948925,0.36875875280657433,0.1794860030232588,0.054110604071281584,0.011303390103407135,0.005725207841689158,0.00849702015127661
1979-10-01,0.024460110437708394,0.05114269520141676,0.11334973642275863,0.4309963900957711,0.3763287970948925,0.36875875280657433,0.1794860030232588,0.054110604071281584,0.011303390103407135,0.005725207841689158,0.00849702015127661,0.014126334218885192
1979-11-01,0.05114269520141676,0.11334973642275863,0.4309963900957711,0.3763287970948925,0.36875875280657433,0.1794860030232588,0.054110604071281584,0.011303390103407135,0.005725207841689158,0.00849702015127661,0.014126334218885192,0.01564338371617047
1979-12-01,0.11334973642275863,0.4309963900957711,0.3763287970948925,0.36875875280657433,0.1794860030232588,0.054110604071281584,0.011303390103407135,0.005725207841689158,0.00849702015127661,0.014126334218885192,0.01564338371617047,0.037346496335958844
1980-01-01,1.438887758551224,1.2213217477729346,1.0723428250671225,0.2990359196435608,0.07422077140613696,0.012139425206863702,0.006107391853813357,0.008498216844641792,0.01393213568080709,0.01564338371617047,0.037346496335958844,0.10015347558733709
1980-02-01,1.2213217477729346,1.0723428250671225,0.2990359196435608,0.07422077140613696,0.012139425206863702,0.006107391853813357,0.008498216844641792,0.01393213568080709,0.01564338371617047,0.037346496335958844,0.10015347558733709,0.14847687670070858
1980-03-01,0.6702947837753808,0.2307216815748168,0.06272924721479103,0.01166169086203138,0.005889000989742385,0.008497533019861687,0.014043106273994577,0.01564338371617047,0.037346496335958844,0.10015347558733709,0.14847687670070858,0.12629302384338878
1980-04-01,0.1794860030232588,0.054110604071281584,0.011303390103407135,0.005725207841689158,0.00849702015127661,0.014126334218885192,0.01564338371617047,0.037346496335958844,0.10015347558733709,0.14847687670070858,0.12629302384338878,0.1709806070280017
1980-05-01,0.054110604071281584,0.011303390103407135,0.005725207841689158,0.00849702015127661,0.014126334218885192,0.01564338371617047,0.037346496335958844,0.10015347558733709,0.14847687670070858,0.12629302384338878,0.1709806070280017,0.15193174097770526
1980-06-01,0.011303390103407135,0.005725207841689158,0.00849702015127661,0.014126334218885192,0.01564338371617047,0.037346496335958844,0.10015347558733709,0.14847687670070858,0.12629302384338878,0.1709806070280017,0.15193174097770526,0.04456199320612061
1980-07-01,0.005725207841689158,0.00849702015127661,0.014126334218885192,0.01564338371617047,0.037346496335958844,0.10015347558733709,0.14847687670070858,0.12629302384338878,0.1709806070280017,0.15193174097770526,0.04456199320612061,0.010540067996608565
1980-08-01,0.00849702015127661,0.014126334218885192,0.01564338371617047,0.037346496335958844,0.10015347558733709,0.14847687670070858,0.12629302384338878,0.1709806070280017,0.15193174097770526,0.04456199320612061,0.010540067996608565,0.005548187647926275
1980-09-01,0.014126334218885192,0.01564338371617047,0.037346496335958844,0.10015347558733709,0.14847687670070858,0.12629302384338878,0.1709806070280017,0.15193174097770526,0.04456199320612061,0.010540067996608565,0.005548187647926275,0.00848460446412494
1980-10-01,0.01564338371617047,0.037346496335958844,0.10015347558733709,0.14847687670070858,0.12629302384338878,0.1709806070280017,0.15193174097770526,0.04456199320612061,0.010540067996608565,0.005548187647926275,0.00848460446412494,0.01414486985573462
1980-11-01,0.037346496335958844,0.10015347558733709,0.14847687670070858,0.12629302384338878,0.1709806070280017,0.15193174097770526,0.04456199320612061,0.010540067996608565,0.005548187647926275,0.00848460446412494,0.01414486985573462,0.024010374186647185
1980-12-01,0.10015347558733709,0.14847687670070858,0.12629302384338878,0.1709806070280017,0.15193174097770526,0.04456199320612061,0.010540067996608565,0.005548187647926275,0.00848460446412494,0.01414486985573462,0.024010374186647185,0.07284016942879648
1981-01-01,0.16768642426452163,0.09537171453934645,0.183964106497195,0.17834316893297922,0.03125202251291255,0.008704475726270137,0.0053108009818803835,0.008442346252459274,0.01400953756937947,0.024010374186647185,0.07284016942879648,0.1208389553087002
1981-02-01,0.09537171453934645,0.183964106497195,0.17834316893297922,0.03125202251291255,0.008704475726270137,0.0053108009818803835,0.008442346252459274,0.01400953756937947,0.024010374186647185,0.07284016942879648,0.1208389553087002,0.2884670323154766
1981-03-01,0.183964106497195,0.17834316893297922,0.03885772005188858,0.009753385595034953,0.0054464505053351785,0.008466493801982512,0.014059402979867925,0.024010374186647185,0.07284016942879648,0.1208389553087002,0.2884670323154766,0.3408177619584213
1981-04-01,0.17834316893297922,0.04456199320612061,0.010540067996608565,0.005548187647926275,0.00848460446412494,0.014096802037734266,0.024010374186647185,0.07284016942879648,0.1208389553087002,0.2884670323154766,0.3408177619584213,0.44041116939903957
1981-05-01,0.04456199320612061,0.010540067996608565,0.005548187647926275,0.00848460446412494,0.014096802037734266,0.024010374186647185,0.07284016942879648,0.1208389553087002,0.2884670323154766,0.3408177619584213,0.44041116939903957,0.5542710177096071
1981-06-01,0.010540067996608565,0.005548187647926275,0.00848460446412494,0.014096802037734266,0.024010374186647185,0.07284016942879648,0.1208389553087002,0.2884670323154766,0.3408177619584213,0.44041116939903957,0.5542710177096071,0.06756278736035709
1981-07-01,0.005548187647926275,0.00848460446412494,0.014096802037734266,0.024010374186647185,0.07284016942879648,0.1208389553087002,0.2884670323154766,0.3408177619584213,0.44041116939903957,0.5542710177096071,0.06756278736035709,0.012297058531045535
1981-08-01,0.00848460446412494,0.014096802037734266,0.024010374186647185,0.07284016942879648,0.1208389553087002,0.2884670323154766,0.3408177619584213,0.44041116939903957,0.5542710177096071,0.06756278736035709,0.012297058531045535,0.005890174552307852
1981-09-01,0.014096802037734266,0.024010374186647185,0.07284016942879648,0.1208389553087002,0.2884670323154766,0.3408177619584213,0.44041116939903957,0.5542710177096071,0.06756278736035709,0.012297058531045535,0.005890174552307852,0.008538791047222858
1981-10-01,0.024010374186647185,0.07284016942879648,0.1208389553087002,0.2884670323154766,0.3408177619584213,0.44041116939903957,0.5542710177096071,0.06756278736035709,0.012297058531045535,0.005890174552307852,0.008538791047222858,0.027751214615824027
1981-11-01,0.07284016942879648,0.1208389553087002,0.2884670323154766,0.3408177619584213,0.44041116939903957,0.5542710177096071,0.06756278736035709,0.012297058531045535,0.005890174552307852,0.008538791047222858,0.027751214615824027,0.049110021785547464
1981-12-01,0.1208389553087002,0.2884670323154766,0.3408177619584213,0.44041116939903957,0.5542710177096071,0.06756278736035709,0.012297058531045535,0.005890174552307852,0.008538791047222858,0.027751214615824027,0.049110021785547464,0.09216010713891493
1982-01-01,0.7927289888521386,1.0891389657225616,1.3379758895554956,1.8733033590808146,0.1370137125730372,0.01666019781674791,0.006872096237787888,0.00868632958529659,0.07546111336332448,0.049110021785547464,0.09216010713891493,0.30390154127299884
1982-02-01,1.0891389657225616,1.3379758895554956,1.8733033590808146,0.1370137125730372,0.01666019781674791,0.006872096237787888,0.00868632958529659,0.07546111336332448,0.049110021785547464,0.09216010713891493,0.30390154127299884,0.3749072469750542
1982-03-01,0.8250817637518065,1.1345871441395996,0.1076502872677822,0.01439218535868441,0.006413188697241161,0.00860267880421072,0.048229030387797786,0.049110021785547464,0.09216010713891493,0.30390154127299884,0.3749072469750542,0.5328060930448877
1982-04-01,0.5805499829336885,0.08562771828884097,0.012691176015136784,0.006069008041831116,0.008539940718396317,0.02780496815615277,0.049110021785547464,0.09216010713891493,0.30390154127299884,0.3749072469750542,0.5328060930448877,0.5696622274561675
1982-05-01,0.08562771828884097,0.012691176015136784,0.006069008041831116,0.008539940718396317,0.02780496815615277,0.049110021785547464,0.09216010713891493,0.30390154127299884,0.3749072469750542,0.5328060930448877,0.5696622274561675,0.3434334417130107
1982-06-01,0.012691176015136784,0.006069008041831116,0.008539940718396317,0.02780496815615277,0.049110021785547464,0.09216010713891493,0.30390154127299884,0.3749072469750542,0.5328060930448877,0.5696622274561675,0.3434334417130107,0.182911688033716
1982-07-01,0.006069008041831116,0.008539940718396317,0.02780496815615277,0.049110021785547464,0.09216010713891493,0.30390154127299884,0.3749072469750542,0.5328060930448877,0.5696622274561675,0.3434334417130107,0.182911688033716,0.020937067175666596
1982-08-01,0.008539940718396317,0.02780496815615277,0.049110021785547464,0.09216010713891493,0.30390154127299884,0.3749072469750542,0.5328060930448877,0.5696622274561675,0.3434334417130107,0.182911688033716,0.020937067175666596,0.006162672589059188
1982-09-01,0.02780496815615277,0.049110021785547464,0.09216010713891493,0.30390154127299884,0.3749072469750542,0.5328060930448877,0.5696622274561675,0.3434334417130107,0.182911688033716,0.020937067175666596,0.006162672589059188,0.00891388219440923
1982-10-01,0.049110021785547464,0.09216010713891493,0.30390154127299884,0.3749072469750542,0.5328060930448877,0.5696622274561675,0.3434334417130107,0.182911688033716,0.020937067175666596,0.006162672589059188,0.00891388219440923,0.01713363347233443
1982-11-01,0.09216010713891493,0.30390154127299884,0.3749072469750542,0.5328060930448877,0.5696622274561675,0.3434334417130107,0.182911688033716,0.020937067175666596,0.006162672589059188,0.00891388219440923,0.01713363347233443,0.0165617734183526
1982-12-01,0.30390154127299884,0.3749072469750542,0.5328060930448877,0.5696622274561675,0.3434334417130107,0.182911688033716,0.020937067175666596,0.006162672589059188,0.00891388219440923,0.01713363347233443,0.0165617734183526,0.08604113657925978
1983-01-01,1.1817099548202377,1.9530864556116605,1.919605650812571,0.8062789235877645,0.5747915764249748,0.05376670803913206,0.007293586700314213,0.010369066227354699,0.027440107286141966,0.01704509833714069,0.08744685374254935,0.21568622506900625
1983-02-01,1.9530864556116605,1.919605650812571,0.8062789235877645,0.5747915764249748,0.05376670803913206,0.007293586700314213,0.010369066227354699,0.027440107286141966,0.01704509833714069,0.08744685374254935,0.21568622506900625,0.21059038730940194
1983-03-01,1.1482094088946262,0.5417957910879052,0.3508602116299698,0.03500691326000893,0.006647350065311341,0.009537532494243002,0.021550693678251943,0.01704509833714069,0.08744685374254935,0.21568622506900625,0.21059038730940194,0.17555785528970141
1983-04-01,0.3434334417130107,0.182911688033716,0.020937067175666596,0.006162672589059188,0.00891388219440923,0.01713363347233443,0.01704509833714069,0.08744685374254935,0.21568622506900625,0.21059038730940194,0.17555785528970141,0.19329752710653236
1983-05-01,0.182911688033716,0.020937067175666596,0.006162672589059188,0.00891388219440923,0.01713363347233443,0.01704509833714069,0.08744685374254935,0.21568622506900625,0.21059038730940194,0.17555785528970141,0.19329752710653236,0.185614928922782
1983-06-01,0.020937067175666596,0.006162672589059188,0.00891388219440923,0.01713363347233443,0.01704509833714069,0.08744685374254935,0.21568622506900625,0.21059038730940194,0.17555785528970141,0.19329752710653236,0.185614928922782,0.06049144343869895
1983-07-01,0.006162672589059188,0.00891388219440923,0.01713363347233443,0.01704509833714069,0.08744685374254935,0.21568622506900625,0.21059038730940194,0.17555785528970141,0.19329752710653236,0.185614928922782,0.06049144343869895,0.010854632570395609
1983-08-01,0.00891388219440923,0.01713363347233443,0.01704509833714069,0.08744685374254935,0.21568622506900625,0.21059038730940194,0.17555785528970141,0.19329752710653236,0.185614928922782,0.06049144343869895,0.010854632570395609,0.006106954678240874
1983-09-01,0.01713363347233443,0.01704509833714069,0.08744685374254935,0.21568622506900625,0.21059038730940194,0.17555785528970141,0.19329752710653236,0.185614928922782,0.06049144343869895,0.010854632570395609,0.006106954678240874,0.008488077183649776
1983-10-01,0.01704509833714069,0.08744685374254935,0.21568622506900625,0.21059038730940194,0.17555785528970141,0.19329752710653236,0.185614928922782,0.06049144343869895,0.010854632570395609,0.006106954678240874,0.008488077183649776,0.014131670505128655
1983-11-01,0.08744685374254935,0.21568622506900625,0.21059038730940194,0.17555785528970141,0.19329752710653236,0.185614928922782,0.06049144343869895,0.010854632570395609,0.006106954678240874,0.008488077183649776,0.014131670505128655,0.021054968078906052
1983-12-01,0.21568622506900625,0.21059038730940194,0.17555785528970141,0.19329752710653236,0.185614928922782,0.06049144343869895,0.010854632570395609,0.006106954678240874,0.008488077183649776,0.014131670505128655,0.021054968078906052,0.07253718575437493
1984-01-01,0.4434071780419928,0.3466135907701626,0.2306312095438819,0.09609561603173519,0.023900475747398127,0.00834648762990121,0.0070486442594095864,0.008452799970040472,0.013931273933715967,0.02140615136514285,0.07895999484792184,0.10657091817691566
1984-02-01,0.3466135907701626,0.2306312095438819,0.09609561603173519,0.023900475747398127,0.00834648762990121,0.0070486442594095864,0.008452799970040472,0.013931273933715967,0.02140615136514285,0.07895999484792184,0.10657091817691566,0.1391698992640333
1984-03-01,0.23063120954388192,0.14724950911233337,0.044809600142427165,0.009554503319274439,0.006536996077154472,0.008472301422860956,0.014045786260237503,0.02140615136514285,0.07895999484792184,0.10657091817691566,0.1391698992640333,0.13383458849610635
1984-04-01,0.185614928922782,0.06049144343869895,0.01046051508630436,0.0061532599404631365,0.008486927512476317,0.014131670505128655,0.02140615136514285,0.07895999484792184,0.10657091817691566,0.1391698992640333,0.13383458849610635,0.2255619382077133
1984-05-01,0.06049144343869895,0.01046051508630436,0.0061532599404631365,0.008486927512476317,0.014131670505128655,0.02140615136514285,0.07895999484792184,0.10657091817691566,0.1391698992640333,0.13383458849610635,0.2255619382077133,0.20677712644616308
1984-06-01,0.01046051508630436,0.0061532599404631365,0.008486927512476317,0.014131670505128655,0.02140615136514285,0.07895999484792184,0.10657091817691566,0.1391698992640333,0.13383458849610635,0.2255619382077133,0.20677712644616308,0.060280945463985866
1984-07-01,0.0061532599404631365,0.008486927512476317,0.014131670505128655,0.02140615136514285,0.07895999484792184,0.10657091817691566,0.1391698992640333,0.13383458849610635,0.2255619382077133,0.20677712644616308,0.060280945463985866,0.01049697905479013
1984-08-01,0.008486927512476317,0.014131670505128655,0.02140615136514285,0.07895999484792184,0.10657091817691566,0.1391698992640333,0.13383458849610635,0.2255619382077133,0.20677712644616308,0.060280945463985866,0.01049697905479013,0.0057645292299397235
1984-09-01,0.014131670505128655,0.02140615136514285,0.07895999484792184,0.10657091817691566,0.1391698992640333,0.13383458849610635,0.2255619382077133,0.20677712644616308,0.060280945463985866,0.01049697905479013,0.0057645292299397235,0.008482183785798823
1984-10-01,0.02140615136514285,0.07895999484792184,0.10657091817691566,0.1391698992640333,0.13383458849610635,0.2255619382077133,0.20677712644616308,0.060280945463985866,0.01049697905479013,0.0057645292299397235,0.008482183785798823,0.014867160776516427
1984-11-01,0.07895999484792184,0.10657091817691566,0.1391698992640333,0.13383458849610635,0.2255619382077133,0.20677712644616308,0.060280945463985866,0.01049697905479013,0.0057645292299397235,0.008482183785798823,0.014867160776516427,0.021405797819554685
1984-12-01,0.10657091817691566,0.1391698992640333,0.13383458849610635,0.2255619382077133,0.20677712644616308,0.060280945463985866,0.01049697905479013,0.0057645292299397235,0.008482183785798823,0.014867160776516427,0.021405797819554685,0.08153684977706685
1985-01-01,0.08046058830179309,0.11766750815273416,0.2078194885311232,0.18911813037849107,0.022953234861189248,0.008420228069627875,0.005299356062054227,0.008431453199991747,0.017246912881307325,0.02555163107559325,0.08153684977706685,0.12013102334606414
1985-02-01,0.11766750815273416,0.2078194885311232,0.18911813037849107,0.022953234861189248,0.008420228069627875,0.005299356062054227,0.008431453199991747,0.017246912881307325,0.02555163107559325,0.08153684977706685,0.12013102334606414,0.14744595791510484
1985-03-01,0.2179580312034604,0.18911813037849107,0.044283355205644456,0.009193926148192321,0.005565169300845939,0.00846044210616722,0.015914175570438872,0.02555163107559325,0.08153684977706685,0.12013102334606414,0.14744595791510484,0.5076039653204074
1985-04-01,0.1891181303784911,0.060280945463985866,0.009774199707115658,0.0057645292299397235,0.008482183785798823,0.014914622587287532,0.02555163107559325,0.08153684977706685,0.12013102334606414,0.14744595791510484,0.5076039653204074,0.45371473494365533
1985-05-01,0.060280945463985866,0.009774199707115658,0.0057645292299397235,0.008482183785798823,0.014914622587287532,0.02555163107559325,0.08153684977706685,0.12013102334606414,0.14744595791510484,0.5076039653204074,0.45371473494365533,0.19941349639879574
1985-06-01,0.009774199707115658,0.0057645292299397235,0.008482183785798823,0.014914622587287532,0.02555163107559325,0.08153684977706685,0.12013102334606414,0.14744595791510484,0.5076039653204074,0.45371473494365533,0.19941349639879574,0.0621381176221008
1985-07-01,0.0057645292299397235,0.008482183785798823,0.014914622587287532,0.02555163107559325,0.08153684977706685,0.12013102334606414,0.14744595791510484,0.5076039653204074,0.45371473494365533,0.19941349639879574,0.0621381176221008,0.00985208693741928
1985-08-01,0.008482183785798823,0.014914622587287532,0.02555163107559325,0.08153684977706685,0.12013102334606414,0.14744595791510484,0.5076039653204074,0.45371473494365533,0.19941349639879574,0.0621381176221008,0.00985208693741928,0.005761786473501812
1985-09-01,0.014914622587287532,0.02555163107559325,0.08153684977706685,0.12013102334606414,0.14744595791510484,0.5076039653204074,0.45371473494365533,0.19941349639879574,0.0621381176221008,0.00985208693741928,0.005761786473501812,0.008485285024678203
1985-10-01,0.02555163107559325,0.08153684977706685,0.12013102334606414,0.14744595791510484,0.5076039653204074,0.45371473494365533,0.19941349639879574,0.0621381176221008,0.00985208693741928,0.005761786473501812,0.008485285024678203,0.018517065367765713
1985-11-01,0.08153684977706685,0.12013102334606414,0.14744595791510484,0.5076039653204074,0.45371473494365533,0.19941349639879574,0.0621381176221008,0.00985208693741928,0.005761786473501812,0.008485285024678203,0.018517065367765713,0.020473929761126795
1985-12-01,0.12013102334606414,0.14744595791510484,0.5076039653204074,0.45371473494365533,0.19941349639879574,0.0621381176221008,0.00985208693741928,0.005761786473501812,0.008485285024678203,0.018517065367765713,0.020473929761126795,0.045011276543931465
1986-01-01,0.15966103921266,1.7999217934380876,1.2370167960840985,0.239697990998242,0.028102526057011853,0.008770720605994178,0.005258871314115437,0.008445408774948957,0.033492713683745505,0.020473929761126795,0.03858846745038456,0.0877899940332213
1986-02-01,1.7999217934380876,1.2370167960840985,0.239697990998242,0.028102526057011853,0.008770720605994178,0.005258871314115437,0.008445408774948957,0.033492713683745505,0.020473929761126795,0.03858846745038456,0.0877899940332213,0.14194078029485754
1986-03-01,0.8008886342494973,0.23611011307115282,0.03288636802245877,0.00938864422395138,0.005417600689910208,0.00846819520336567,0.025094323973066157,0.020473929761126795,0.03858846745038456,0.0877899940332213,0.14194078029485754,0.13948882953755723
1986-04-01,0.23341920462583599,0.03647424949654396,0.00985208693741928,0.005536647721756287,0.008485285024678203,0.018795531690056648,0.020473929761126795,0.03858846745038456,0.0877899940332213,0.14194078029485754,0.13948882953755723,0.23025736962469404
1986-05-01,0.03647424949654396,0.00985208693741928,0.005536647721756287,0.008485285024678203,0.018795531690056648,0.020473929761126795,0.03858846745038456,0.0877899940332213,0.14194078029485754,0.13948882953755723,0.23025736962469404,0.1964785143650201
1986-06-01,0.00985208693741928,0.005536647721756287,0.008485285024678203,0.018795531690056648,0.020473929761126795,0.03858846745038456,0.0877899940332213,0.14194078029485754,0.13948882953755723,0.23025736962469404,0.1964785143650201,0.03400574989237644
1986-07-01,0.005536647721756287,0.008485285024678203,0.018795531690056648,0.020473929761126795,0.03858846745038456,0.0877899940332213,0.14194078029485754,0.13948882953755723,0.23025736962469404,0.1964785143650201,0.03400574989237644,0.009655111940909183
1986-08-01,0.008485285024678203,0.018795531690056648,0.020473929761126795,0.03858846745038456,0.0877899940332213,0.14194078029485754,0.13948882953755723,0.23025736962469404,0.1964785143650201,0.03400574989237644,0.009655111940909183,0.005505683614861501
1986-09-01,0.018795531690056648,0.020473929761126795,0.03858846745038456,0.0877899940332213,0.14194078029485754,0.13948882953755723,0.23025736962469404,0.1964785143650201,0.03400574989237644,0.009655111940909183,0.005505683614861501,0.00850522646919822
1986-10-01,0.020473929761126795,0.03858846745038456,0.0877899940332213,0.14194078029485754,0.13948882953755723,0.23025736962469404,0.1964785143650201,0.03400574989237644,0.009655111940909183,0.005505683614861501,0.00850522646919822,0.0145646123595801
1986-11-01,0.03858846745038456,0.0877899940332213,0.14194078029485754,0.13948882953755723,0.23025736962469404,0.1964785143650201,0.03400574989237644,0.009655111940909183,0.005505683614861501,0.00850522646919822,0.0145646123595801,0.02783220089643309
1986-12-01,0.0877899940332213,0.14194078029485754,0.13948882953755723,0.23025736962469404,0.1964785143650201,0.03400574989237644,0.009655111940909183,0.005505683614861501,0.00850522646919822,0.0145646123595801,0.02783220089643309,0.0489663305783606
1987-01-01,0.07825651292927567,0.13259636810331105,0.13859892922302636,0.06921417129619045,0.01688733945643609,0.007861653200575934,0.0051116583344030945,0.008535145275289032,0.014453576696601043,0.02783220089643309,0.055389139671907506,0.11378990807026754
1987-02-01,0.13259636810331105,0.13859892922302636,0.06921417129619045,0.01688733945643609,0.007861653200575934,0.0051116583344030945,0.008535145275289032,0.014453576696601043,0.02783220089643309,0.055389139671907506,0.11378990807026754,0.17700399421177748
1987-03-01,0.17950216492118437,0.12250481977721295,0.026180427102930406,0.00878280712706212,0.0053008179292442035,0.00851804881466571,0.01451702564687479,0.02783220089643309,0.055389139671907506,0.11378990807026754,0.17700399421177748,0.12405042446462891
1987-04-01,0.16247280613797985,0.033150242837801144,0.009473672571926758,0.005442687625375035,0.00850522646919822,0.0145646123595801,0.02783220089643309,0.055389139671907506,0.11378990807026754,0.17700399421177748,0.12405042446462891,0.1944152312407238
1987-05-01,0.033150242837801144,0.009473672571926758,0.005442687625375035,0.00850522646919822,0.0145646123595801,0.02783220089643309,0.055389139671907506,0.11378990807026754,0.17700399421177748,0.12405042446462891,0.1944152312407238,0.16639984924026968
1987-06-01,0.009473672571926758,0.005442687625375035,0.00850522646919822,0.0145646123595801,0.02783220089643309,0.055389139671907506,0.11378990807026754,0.17700399421177748,0.12405042446462891,0.1944152312407238,0.16639984924026968,0.03612279580711486
1987-07-01,0.005442687625375035,0.00850522646919822,0.0145646123595801,0.02783220089643309,0.055389139671907506,0.11378990807026754,0.17700399421177748,0.12405042446462891,0.1944152312407238,0.16639984924026968,0.03612279580711486,0.0095695351765337
1987-08-01,0.00850522646919822,0.0145646123595801,0.02783220089643309,0.055389139671907506,0.11378990807026754,0.17700399421177748,0.12405042446462891,0.1944152312407238,0.16639984924026968,0.03612279580711486,0.0095695351765337,0.0055724278202628
1987-09-01,0.0145646123595801,0.02783220089643309,0.055389139671907506,0.11378990807026754,0.17700399421177748,0.12405042446462891,0.1944152312407238,0.16639984924026968,0.03612279580711486,0.0095695351765337,0.0055724278202628,0.00850351300226099
1987-10-01,0.02783220089643309,0.055389139671907506,0.11378990807026754,0.17700399421177748,0.12405042446462891,0.1944152312407238,0.16639984924026968,0.03612279580711486,0.0095695351765337,0.0055724278202628,0.00850351300226099,0.0144693773786238
1987-11-01,0.055389139671907506,0.11378990807026754,0.17700399421177748,0.12405042446462891,0.1944152312407238,0.16639984924026968,0.03612279580711486,0.0095695351765337,0.0055724278202628,0.00850351300226099,0.0144693773786238,0.020393093195528112
1987-12-01,0.11378990807026754,0.17700399421177748,0.12405042446462891,0.1944152312407238,0.16639984924026968,0.03612279580711486,0.0095695351765337,0.0055724278202628,0.00850351300226099,0.0144693773786238,0.020393093195528112,0.05701438742304954
1988-01-01,0.29758533822652605,0.07363877001108562,0.0676593071796703,0.08688586525649473,0.030076276647802384,0.008254050437969607,0.005695489211398036,0.0085274346740715,0.014009157044729256,0.01624725993948955,0.06184335747414696,0.10932314395174977
1988-02-01,0.07363877001108562,0.0676593071796703,0.08688586525649473,0.030076276647802384,0.008254050437969607,0.005695489211398036,0.0085274346740715,0.014009157044729256,0.01624725993948955,0.06184335747414696,0.10932314395174977,0.14610124153485832
1988-03-01,0.14009126378598658,0.13232242753293755,0.03267405367348745,0.008827541221891678,0.005625168416463615,0.008513765147322636,0.014199627006641857,0.01624725993948955,0.06184335747414696,0.10932314395174977,0.14610124153485832,0.1292000036518772
1988-04-01,0.16639984924026968,0.03462238644275125,0.009257659309833232,0.0055724278202628,0.00850351300226099,0.014342479478076306,0.01624725993948955,0.06184335747414696,0.10932314395174977,0.14610124153485832,0.1292000036518772,0.21155336303365024
1988-05-01,0.03462238644275125,0.009257659309833232,0.0055724278202628,0.00850351300226099,0.014342479478076306,0.01624725993948955,0.06184335747414696,0.10932314395174977,0.14610124153485832,0.1292000036518772,0.21155336303365024,0.15959561272145176
1988-06-01,0.009257659309833232,0.0055724278202628,0.00850351300226099,0.014342479478076306,0.01624725993948955,0.06184335747414696,0.10932314395174977,0.14610124153485832,0.1292000036518772,0.21155336303365024,0.15959561272145176,0.034315759534322664
1988-07-01,0.0055724278202628,0.00850351300226099,0.014342479478076306,0.01624725993948955,0.06184335747414696,0.10932314395174977,0.14610124153485832,0.1292000036518772,0.21155336303365024,0.15959561272145176,0.034315759534322664,0.008972374989040365
1988-08-01,0.00850351300226099,0.014342479478076306,0.01624725993948955,0.06184335747414696,0.10932314395174977,0.14610124153485832,0.1292000036518772,0.21155336303365024,0.15959561272145176,0.034315759534322664,0.008972374989040365,0.005446073392176842
1988-09-01,0.014342479478076306,0.01624725993948955,0.06184335747414696,0.10932314395174977,0.14610124153485832,0.1292000036518772,0.21155336303365024,0.15959561272145176,0.034315759534322664,0.008972374989040365,0.005446073392176842,0.00866266035661994
1988-10-01,0.01624725993948955,0.06184335747414696,0.10932314395174977,0.14610124153485832,0.1292000036518772,0.21155336303365024,0.15959561272145176,0.034315759534322664,0.008972374989040365,0.005446073392176842,0.00866266035661994,0.0197011651928308
1988-11-01,0.06184335747414696,0.10932314395174977,0.14610124153485832,0.1292000036518772,0.21155336303365024,0.15959561272145176,0.034315759534322664,0.008972374989040365,0.005446073392176842,0.00866266035661994,0.0197011651928308,0.02403548554717455
1988-12-01,0.10932314395174977,0.14610124153485832,0.1292000036518772,0.21155336303365024,0.15959561272145176,0.034315759534322664,0.008972374989040365,0.005446073392176842,0.00866266035661994,0.0197011651928308,0.02403548554717455,0.05482017301300275
1989-01-01,0.09864194966255244,0.09616105566423762,0.14224626457975498,0.055189304777262964,0.028626210434748063,0.006964386481487459,0.005121368089081703,0.009243597768686771,0.03812324276112447,0.028181318803213114,0.05482017301300275,0.09012049623374674
1989-02-01,0.09616105566423762,0.14224626457975498,0.055189304777262964,0.028626210434748063,0.006964386481487459,0.005121368089081703,0.009243597768686771,0.03812324276112447,0.028181318803213114,0.05482017301300275,0.09012049623374674,0.15166593907562675
1989-03-01,0.17026341492788116,0.10992435551313685,0.031556260776787595,0.00808490785533826,0.005281651366601101,0.00891163353322001,0.027596341293528087,0.028181318803213114,0.05482017301300275,0.09012049623374674,0.15166593907562675,0.12593819851779928
1989-04-01,0.15097564356504226,0.03375379853331724,0.008925298885726364,0.00540186382474065,0.00866266035661994,0.0197011651928308,0.028181318803213114,0.05482017301300275,0.09012049623374674,0.15166593907562675,0.12593819851779928,0.17878446253765487
1989-05-01,0.03375379853331724,0.008925298885726364,0.00540186382474065,0.00866266035661994,0.0197011651928308,0.028181318803213114,0.05482017301300275,0.09012049623374674,0.15166593907562675,0.12593819851779928,0.17878446253765487,0.15060243296978462
1989-06-01,0.008925298885726364,0.00540186382474065,0.00866266035661994,0.0197011651928308,0.028181318803213114,0.05482017301300275,0.09012049623374674,0.15166593907562675,0.12593819851779928,0.17878446253765487,0.15060243296978462,0.036125671710666225
1989-07-01,0.00540186382474065,0.00866266035661994,0.0197011651928308,0.028181318803213114,0.05482017301300275,0.09012049623374674,0.15166593907562675,0.12593819851779928,0.17878446253765487,0.15060243296978462,0.036125671710666225,0.00891414859113509
1989-08-01,0.00866266035661994,0.0197011651928308,0.028181318803213114,0.05482017301300275,0.09012049623374674,0.15166593907562675,0.12593819851779928,0.17878446253765487,0.15060243296978462,0.036125671710666225,0.00891414859113509,0.005445474144048735
1989-09-01,0.0197011651928308,0.028181318803213114,0.05482017301300275,0.09012049623374674,0.15166593907562675,0.12593819851779928,0.17878446253765487,0.15060243296978462,0.036125671710666225,0.00891414859113509,0.005445474144048735,0.008506230111123713
1989-10-01,0.028181318803213114,0.05482017301300275,0.09012049623374674,0.15166593907562675,0.12593819851779928,0.17878446253765487,0.15060243296978462,0.036125671710666225,0.00891414859113509,0.005445474144048735,0.008506230111123713,0.01477662288799818
1989-11-01,0.05482017301300275,0.09012049623374674,0.15166593907562675,0.12593819851779928,0.17878446253765487,0.15060243296978462,0.036125671710666225,0.00891414859113509,0.005445474144048735,0.008506230111123713,0.01477662288799818,0.020526879980223445
1989-12-01,0.09012049623374674,0.15166593907562675,0.12593819851779928,0.17878446253765487,0.15060243296978462,0.036125671710666225,0.00891414859113509,0.005445474144048735,0.008506230111123713,0.01477662288799818,0.020526879980223445,0.050356651477418184
1990-01-01,0.12368308859601035,0.10325371516490567,0.08603309639881082,0.053509857098603564,0.039369884857944175,0.006914210155826735,0.0053176145259680885,0.008539805372850432,0.01596280238937768,0.020526879980223445,0.050356651477418184,0.09444470174968181
1990-02-01,0.10325371516490567,0.08603309639881082,0.053509857098603564,0.039369884857944175,0.006914210155826735,0.0053176145259680885,0.008539805372850432,0.01596280238937768,0.020526879980223445,0.050356651477418184,0.09444470174968181,0.13422601248425792
1990-03-01,0.13903387704957884,0.10899132902499274,0.03783716934578844,0.00805703211886008,0.0053906771648713145,0.008521276463962854,0.015284985531446537,0.020526879980223445,0.050356651477418184,0.09444470174968181,0.13422601248425792,0.10123724637931467
1990-04-01,0.15060243296978462,0.03668763271167165,0.00891414859113509,0.005445474144048735,0.00850737978229717,0.01477662288799818,0.020526879980223445,0.050356651477418184,0.09444470174968181,0.13422601248425792,0.10123724637931467,0.3442867578484643
1990-05-01,0.03668763271167165,0.00891414859113509,0.005445474144048735,0.00850737978229717,0.01477662288799818,0.020526879980223445,0.050356651477418184,0.09444470174968181,0.13422601248425792,0.10123724637931467,0.3442867578484643,0.26140046353235674
1990-06-01,0.00891414859113509,0.005445474144048735,0.00850737978229717,0.01477662288799818,0.020526879980223445,0.050356651477418184,0.09444470174968181,0.13422601248425792,0.10123724637931467,0.3442867578484643,0.26140046353235674,0.04102222131243426
1990-07-01,0.005445474144048735,0.00850737978229717,0.01477662288799818,0.020526879980223445,0.050356651477418184,0.09444470174968181,0.13422601248425792,0.10123724637931467,0.3442867578484643,0.26140046353235674,0.04102222131243426,0.010382647195385324
1990-08-01,0.00850737978229717,0.01477662288799818,0.020526879980223445,0.050356651477418184,0.09444470174968181,0.13422601248425792,0.10123724637931467,0.3442867578484643,0.26140046353235674,0.04102222131243426,0.010382647195385324,0.005669418566177202
1990-09-01,0.01477662288799818,0.020526879980223445,0.050356651477418184,0.09444470174968181,0.13422601248425792,0.10123724637931467,0.3442867578484643,0.26140046353235674,0.04102222131243426,0.010382647195385324,0.005669418566177202,0.008502703410246355
1990-10-01,0.020526879980223445,0.050356651477418184,0.09444470174968181,0.13422601248425792,0.10123724637931467,0.3442867578484643,0.26140046353235674,0.04102222131243426,0.010382647195385324,0.005669418566177202,0.008502703410246355,0.014385431570992339
1990-11-01,0.050356651477418184,0.09444470174968181,0.13422601248425792,0.10123724637931467,0.3442867578484643,0.26140046353235674,0.04102222131243426,0.010382647195385324,0.005669418566177202,0.008502703410246355,0.014385431570992339,0.032463960364623845
1990-12-01,0.09444470174968181,0.13422601248425792,0.10123724637931467,0.3442867578484643,0.26140046353235674,0.04102222131243426,0.010382647195385324,0.005669418566177202,0.008502703410246355,0.014385431570992339,0.032463960364623845,0.0565604831457668
1991-01-01,0.045203418934850664,0.05132432412448293,0.8333280609655376,0.5531784907747292,0.05906308473192137,0.013528338387867034,0.006330890621475713,0.008518788945920109,0.014202441462851404,0.03460216407852803,0.05173151309466938,0.10820151538249709
1991-02-01,0.05132432412448293,0.8333280609655376,0.5531784907747292,0.05906308473192137,0.013528338387867034,0.006330890621475713,0.008518788945920109,0.014202441462851404,0.03460216407852803,0.05173151309466938,0.10820151538249709,0.14213122937137848
1991-03-01,0.5654627936670239,0.391373886154179,0.04961139670042223,0.011757701194056915,0.005978169199840103,0.008509721770327536,0.014307007238931939,0.03460216407852803,0.05173151309466938,0.10820151538249709,0.14213122937137848,0.11924903684646362
1991-04-01,0.27002043268876624,0.04252263067679787,0.010429723298699326,0.005713628133613395,0.008502921388633105,0.014385431570992339,0.03460216407852803,0.05173151309466938,0.10820151538249709,0.14213122937137848,0.11924903684646362,0.20835165990647514
1991-05-01,0.04252263067679787,0.010429723298699326,0.005713628133613395,0.008502921388633105,0.014385431570992339,0.03460216407852803,0.05173151309466938,0.10820151538249709,0.14213122937137848,0.11924903684646362,0.20835165990647514,0.1605177728462631
1991-06-01,0.010429723298699326,0.005713628133613395,0.008502921388633105,0.014385431570992339,0.03460216407852803,0.05173151309466938,0.10820151538249709,0.14213122937137848,0.11924903684646362,0.20835165990647514,0.1605177728462631,0.032858558699163154
1991-07-01,0.005713628133613395,0.008502921388633105,0.014385431570992339,0.03460216407852803,0.05173151309466938,0.10820151538249709,0.14213122937137848,0.11924903684646362,0.20835165990647514,0.1605177728462631,0.032858558699163154,0.008846728366348155
1991-08-01,0.008502921388633105,0.014385431570992339,0.03460216407852803,0.05173151309466938,0.10820151538249709,0.14213122937137848,0.11924903684646362,0.20835165990647514,0.1605177728462631,0.032858558699163154,0.008846728366348155,0.006384789054234546
1991-09-01,0.014385431570992339,0.03460216407852803,0.05173151309466938,0.10820151538249709,0.14213122937137848,0.11924903684646362,0.20835165990647514,0.1605177728462631,0.032858558699163154,0.008846728366348155,0.006384789054234546,0.008480482994886962
1991-10-01,0.03460216407852803,0.05173151309466938,0.10820151538249709,0.14213122937137848,0.11924903684646362,0.20835165990647514,0.1605177728462631,0.032858558699163154,0.008846728366348155,0.006384789054234546,0.008480482994886962,0.014312140051517411
1991-11-01,0.05173151309466938,0.10820151538249709,0.14213122937137848,0.11924903684646362,0.20835165990647514,0.1605177728462631,0.032858558699163154,0.008846728366348155,0.006384789054234546,0.008480482994886962,0.014312140051517411,0.03875760889130534
1991-12-01,0.10820151538249709,0.14213122937137848,0.11924903684646362,0.20835165990647514,0.1605177728462631,0.032858558699163154,0.008846728366348155,0.006384789054234546,0.008480482994886962,0.014312140051517411,0.03875760889130534,0.04559076882002661
1992-01-01,0.08077689492689313,0.15052759134998614,0.1303732361755514,0.060416521483465116,0.015574760832565152,0.006404861192286765,0.00935111476427089,0.00841778892676413,0.013847750846149908,0.04288633944409423,0.039167959726479705,0.16117866990911045
1992-02-01,0.15052759134998614,0.1303732361755514,0.060416521483465116,0.015574760832565152,0.006404861192286765,0.00935111476427089,0.00841778892676413,0.013847750846149908,0.04288633944409423,0.039167959726479705,0.16117866990911045,0.4682648117659476
1992-03-01,0.17493233545036496,0.1176172365479211,0.02545121675633544,0.007800213863178988,0.00765607150139298,0.008453489549470464,0.013999384544923025,0.04288633944409423,0.039167959726479705,0.16117866990911045,0.4682648117659476,0.3565416360518915
1992-04-01,0.1605177728462631,0.032858558699163154,0.008846728366348155,0.006384789054234546,0.008480265016500215,0.014113109819002864,0.04288633944409423,0.039167959726479705,0.16117866990911045,0.4682648117659476,0.3565416360518915,0.41767434198941567
1992-05-01,0.032858558699163154,0.008846728366348155,0.006384789054234546,0.008480265016500215,0.014113109819002864,0.04288633944409423,0.039167959726479705,0.16117866990911045,0.4682648117659476,0.3565416360518915,0.41767434198941567,0.24811507363041532
1992-06-01,0.008846728366348155,0.006384789054234546,0.008480265016500215,0.014113109819002864,0.04288633944409423,0.039167959726479705,0.16117866990911045,0.4682648117659476,0.3565416360518915,0.41767434198941567,0.24811507363041532,0.035780364927672705
1992-07-01,0.006384789054234546,0.008480265016500215,0.014113109819002864,0.04288633944409423,0.039167959726479705,0.16117866990911045,0.4682648117659476,0.3565416360518915,0.41767434198941567,0.24811507363041532,0.035780364927672705,0.0120190445345202
1992-08-01,0.008480265016500215,0.014113109819002864,0.04288633944409423,0.039167959726479705,0.16117866990911045,0.4682648117659476,0.3565416360518915,0.41767434198941567,0.24811507363041532,0.035780364927672705,0.0120190445345202,0.0055685156734254565
1992-09-01,0.014113109819002864,0.04288633944409423,0.039167959726479705,0.16117866990911045,0.4682648117659476,0.3565416360518915,0.41767434198941567,0.24811507363041532,0.035780364927672705,0.0120190445345202,0.0055685156734254565,0.008491652946368439
1992-10-01,0.04288633944409423,0.039167959726479705,0.16117866990911045,0.4682648117659476,0.3565416360518915,0.41767434198941567,0.24811507363041532,0.035780364927672705,0.0120190445345202,0.0055685156734254565,0.008491652946368439,0.014129299299537922
1992-11-01,0.039167959726479705,0.16117866990911045,0.4682648117659476,0.3565416360518915,0.41767434198941567,0.24811507363041532,0.035780364927672705,0.0120190445345202,0.0055685156734254565,0.008491652946368439,0.014129299299537922,0.027490530134786542
1992-12-01,0.16117866990911045,0.4682648117659476,0.3565416360518915,0.41767434198941567,0.24811507363041532,0.035780364927672705,0.0120190445345202,0.0055685156734254565,0.008491652946368439,0.014129299299537922,0.027490530134786542,0.04426950428540786
1993-01-01,1.5487173277413833,1.2006846238706281,1.0723253055487838,0.4546043750121502,0.02853533769031267,0.02068028394906097,0.005693508675944926,0.008469034611171143,0.01391934084360185,0.023361799581997657,0.04426950428540786,0.10782427412825672
1993-02-01,1.2006846238706281,1.0723253055487838,0.4546043750121502,0.02853533769031267,0.02068028394906097,0.005693508675944926,0.008469034611171143,0.01391934084360185,0.023361799581997657,0.04426950428540786,0.10782427412825672,0.14138354065659636
1993-03-01,0.6982390406577162,0.33661048850830166,0.03181797647488205,0.0157310042836091,0.005693508675944926,0.008481959374141026,0.014033544921481593,0.023361799581997657,0.04426950428540786,0.10782427412825672,0.14138354065659636,0.12551915858977933
1993-04-01,0.24811507363041532,0.034279955563309095,0.0120190445345202,0.005693508675944926,0.008491652946368439,0.0141191979798914,0.023361799581997657,0.04426950428540786,0.10782427412825672,0.14138354065659636,0.12551915858977933,0.19475898740573971
1993-05-01,0.034279955563309095,0.0120190445345202,0.005693508675944926,0.008491652946368439,0.0141191979798914,0.023361799581997657,0.04426950428540786,0.10782427412825672,0.14138354065659636,0.12551915858977933,0.19475898740573971,0.16504691497154358
1993-06-01,0.0120190445345202,0.005693508675944926,0.008491652946368439,0.0141191979798914,0.023361799581997657,0.04426950428540786,0.10782427412825672,0.14138354065659636,0.12551915858977933,0.19475898740573971,0.16504691497154358,0.037368734770496716
1993-07-01,0.005693508675944926,0.008491652946368439,0.0141191979798914,0.023361799581997657,0.04426950428540786,0.10782427412825672,0.14138354065659636,0.12551915858977933,0.19475898740573971,0.16504691497154358,0.037368734770496716,0.009062275846451268
1993-08-01,0.008491652946368439,0.0141191979798914,0.023361799581997657,0.04426950428540786,0.10782427412825672,0.14138354065659636,0.12551915858977933,0.19475898740573971,0.16504691497154358,0.037368734770496716,0.009062275846451268,0.005602590851132733
1993-09-01,0.0141191979798914,0.023361799581997657,0.04426950428540786,0.10782427412825672,0.14138354065659636,0.12551915858977933,0.19475898740573971,0.16504691497154358,0.037368734770496716,0.009062275846451268,0.005602590851132733,0.008482972708415306
1993-10-01,0.023361799581997657,0.04426950428540786,0.10782427412825672,0.14138354065659636,0.12551915858977933,0.19475898740573971,0.16504691497154358,0.037368734770496716,0.009062275846451268,0.005602590851132733,0.008482972708415306,0.014809338213748148
1993-11-01,0.04426950428540786,0.10782427412825672,0.14138354065659636,0.12551915858977933,0.19475898740573971,0.16504691497154358,0.037368734770496716,0.009062275846451268,0.005602590851132733,0.008482972708415306,0.014809338213748148,0.03390229005088418
1993-12-01,0.10782427412825672,0.14138354065659636,0.12551915858977933,0.19475898740573971,0.16504691497154358,0.037368734770496716,0.009062275846451268,0.005602590851132733,0.008482972708415306,0.014809338213748148,0.03390229005088418,0.0646327407155113
1994-01-01,0.0651970623089213,0.16108347529112343,0.06920620992224194,0.07972016490267617,0.04243484412265698,0.007368940339836529,0.0052632281430456,0.00842982983148536,0.01702497189595721,0.039218779627121135,0.0646327407155113,0.12176580978600021
1994-02-01,0.16108347529112343,0.06920620992224194,0.07972016490267617,0.04243484412265698,0.007368940339836529,0.0052632281430456,0.00842982983148536,0.01702497189595721,0.039218779627121135,0.0646327407155113,0.12176580978600021,0.5715162439291357
1994-03-01,0.14095065419852637,0.12355261113836641,0.03953992449285111,0.008309659998865522,0.005360462507692155,0.008459540234774781,0.01575889550612346,0.039218779627121135,0.0646327407155113,0.12176580978600021,0.5715162439291357,0.25249945303909016
1994-04-01,0.15642694581513408,0.037368734770496716,0.009015199743137269,0.005433388281177071,0.008481823037241848,0.014809338213748148,0.039218779627121135,0.0646327407155113,0.12176580978600021,0.5715162439291357,0.25249945303909016,0.6254320803010025
1994-05-01,0.037368734770496716,0.009015199743137269,0.005433388281177071,0.008481823037241848,0.014809338213748148,0.039218779627121135,0.0646327407155113,0.12176580978600021,0.5715162439291357,0.25249945303909016,0.6254320803010025,0.3137410373269165
1994-06-01,0.009015199743137269,0.005433388281177071,0.008481823037241848,0.014809338213748148,0.039218779627121135,0.0646327407155113,0.12176580978600021,0.5715162439291357,0.25249945303909016,0.6254320803010025,0.3137410373269165,0.16451903092631137
1994-07-01,0.005433388281177071,0.008481823037241848,0.014809338213748148,0.039218779627121135,0.0646327407155113,0.12176580978600021,0.5715162439291357,0.25249945303909016,0.6254320803010025,0.3137410373269165,0.16451903092631137,0.014109727105400954
1994-08-01,0.008481823037241848,0.014809338213748148,0.039218779627121135,0.0646327407155113,0.12176580978600021,0.5715162439291357,0.25249945303909016,0.6254320803010025,0.3137410373269165,0.16451903092631137,0.014109727105400954,0.006295302467700551
1994-09-01,0.014809338213748148,0.039218779627121135,0.0646327407155113,0.12176580978600021,0.5715162439291357,0.25249945303909016,0.6254320803010025,0.3137410373269165,0.16451903092631137,0.014109727105400954,0.006295302467700551,0.008623420323087393
1994-10-01,0.039218779627121135,0.0646327407155113,0.12176580978600021,0.5715162439291357,0.25249945303909016,0.6254320803010025,0.3137410373269165,0.16451903092631137,0.014109727105400954,0.006295302467700551,0.008623420323087393,0.014137968844559617
1994-11-01,0.0646327407155113,0.12176580978600021,0.5715162439291357,0.25249945303909016,0.6254320803010025,0.3137410373269165,0.16451903092631137,0.014109727105400954,0.006295302467700551,0.008623420323087393,0.014137968844559617,0.027871188605630093
1994-12-01,0.12176580978600021,0.5715162439291357,0.25249945303909016,0.6254320803010025,0.3137410373269165,0.16451903092631137,0.014109727105400954,0.006295302467700551,0.008623420323087393,0.014137968844559617,0.027871188605630093,0.038497380367448715
1995-01-01,2.0133487724757297,0.7341535625297528,2.0097448501921606,0.7887110728502479,0.6147987279943683,0.03030019798293737,0.009162992303645718,0.009067161326686996,0.013996321313010205,0.020416495315488958,0.03709166320415915,0.11280895142544971
1995-02-01,0.7341535625297528,2.0097448501921606,0.7887110728502479,0.6147987279943683,0.03030019798293737,0.009162992303645718,0.009067161326686996,0.013996321313010205,0.020416495315488958,0.03709166320415915,0.11280895142544971,0.1826689810934486
1995-03-01,1.2301819976428652,0.5222253206405782,0.358353420735115,0.021075400969095992,0.007620999580223144,0.008814251993872056,0.014043029975159018,0.020416495315488958,0.03709166320415915,0.11280895142544971,0.1826689810934486,0.2745490090592027
1995-04-01,0.322361006483326,0.16601944029067497,0.014156803208714958,0.006464505037656213,0.008624569994260851,0.01407806147177063,0.020416495315488958,0.03709166320415915,0.11280895142544971,0.1826689810934486,0.2745490090592027,0.4197178234485156
1995-05-01,0.16601944029067497,0.014156803208714958,0.006464505037656213,0.008624569994260851,0.01407806147177063,0.020416495315488958,0.03709166320415915,0.11280895142544971,0.1826689810934486,0.2745490090592027,0.4197178234485156,0.23404906384745938
1995-06-01,0.014156803208714958,0.006464505037656213,0.008624569994260851,0.01407806147177063,0.020416495315488958,0.03709166320415915,0.11280895142544971,0.1826689810934486,0.2745490090592027,0.4197178234485156,0.23404906384745938,0.04455504488348937
1995-07-01,0.006464505037656213,0.008624569994260851,0.01407806147177063,0.020416495315488958,0.03709166320415915,0.11280895142544971,0.1826689810934486,0.2745490090592027,0.4197178234485156,0.23404906384745938,0.04455504488348937,0.01008643083688868
1995-08-01,0.008624569994260851,0.01407806147177063,0.020416495315488958,0.03709166320415915,0.11280895142544971,0.1826689810934486,0.2745490090592027,0.4197178234485156,0.23404906384745938,0.04455504488348937,0.01008643083688868,0.005839547668993351
1995-09-01,0.01407806147177063,0.020416495315488958,0.03709166320415915,0.11280895142544971,0.1826689810934486,0.2745490090592027,0.4197178234485156,0.23404906384745938,0.04455504488348937,0.01008643083688868,0.005839547668993351,0.008500555521119025
1995-10-01,0.020416495315488958,0.03709166320415915,0.11280895142544971,0.1826689810934486,0.2745490090592027,0.4197178234485156,0.23404906384745938,0.04455504488348937,0.01008643083688868,0.005839547668993351,0.008500555521119025,0.01407492093745132
1995-11-01,0.03709166320415915,0.11280895142544971,0.1826689810934486,0.2745490090592027,0.4197178234485156,0.23404906384745938,0.04455504488348937,0.01008643083688868,0.005839547668993351,0.008500555521119025,0.01407492093745132,0.03408283865988729
1995-12-01,0.11280895142544971,0.1826689810934486,0.2745490090592027,0.4197178234485156,0.23404906384745938,0.04455504488348937,0.01008643083688868,0.005839547668993351,0.008500555521119025,0.01407492093745132,0.03408283865988729,0.13585766096815943
1996-01-01,0.25132085631368556,0.7736611248179519,0.99368069367146,0.39130733098884835,0.06820894866203311,0.011983522309719127,0.006350684144662835,0.008509123444847123,0.013982188908573301,0.041537531950028427,0.13585766096815943,0.3358391831529583
1996-02-01,0.7736611248179519,0.99368069367146,0.39130733098884835,0.06820894866203311,0.011983522309719127,0.006350684144662835,0.008509123444847123,0.013982188908573301,0.041537531950028427,0.13585766096815943,0.3358391831529583,0.8911497219291422
1996-03-01,0.6657019106869203,0.30144546405091177,0.05469243221715097,0.0108994700395303,0.006058606158565986,0.008504352047509208,0.01403517863936074,0.041537531950028427,0.13585766096815943,0.3358391831529583,0.8911497219291422,0.2641684349895185
1996-04-01,0.23404906384745938,0.04455504488348937,0.01008643083688868,0.005839547668993351,0.008500773499505773,0.01407492093745132,0.041537531950028427,0.13585766096815943,0.3358391831529583,0.8911497219291422,0.2641684349895185,0.23450574337738367
1996-05-01,0.04455504488348937,0.01008643083688868,0.005839547668993351,0.008500773499505773,0.01407492093745132,0.041537531950028427,0.13585766096815943,0.3358391831529583,0.8911497219291422,0.2641684349895185,0.23450574337738367,0.15715224526345392
1996-06-01,0.01008643083688868,0.005839547668993351,0.008500773499505773,0.01407492093745132,0.041537531950028427,0.13585766096815943,0.3358391831529583,0.8911497219291422,0.2641684349895185,0.23450574337738367,0.15715224526345392,0.032796877371587825
1996-07-01,0.005839547668993351,0.008500773499505773,0.01407492093745132,0.041537531950028427,0.13585766096815943,0.3358391831529583,0.8911497219291422,0.2641684349895185,0.23450574337738367,0.15715224526345392,0.032796877371587825,0.008960161635223935
1996-08-01,0.008500773499505773,0.01407492093745132,0.041537531950028427,0.13585766096815943,0.3358391831529583,0.8911497219291422,0.2641684349895185,0.23450574337738367,0.15715224526345392,0.032796877371587825,0.008960161635223935,0.005556050138274409
1996-09-01,0.01407492093745132,0.041537531950028427,0.13585766096815943,0.3358391831529583,0.8911497219291422,0.2641684349895185,0.23450574337738367,0.15715224526345392,0.032796877371587825,0.008960161635223935,0.005556050138274409,0.008477732127006792
1996-10-01,0.041537531950028427,0.13585766096815943,0.3358391831529583,0.8911497219291422,0.2641684349895185,0.23450574337738367,0.15715224526345392,0.032796877371587825,0.008960161635223935,0.005556050138274409,0.008477732127006792,0.014120554160367936
1996-11-01,0.13585766096815943,0.3358391831529583,0.8911497219291422,0.2641684349895185,0.23450574337738367,0.15715224526345392,0.032796877371587825,0.008960161635223935,0.005556050138274409,0.008477732127006792,0.014120554160367936,0.028970472044155655
1996-12-01,0.3358391831529583,0.8911497219291422,0.2641684349895185,0.23450574337738367,0.15715224526345392,0.032796877371587825,0.008960161635223935,0.005556050138274409,0.008477732127006792,0.014120554160367936,0.028970472044155655,0.050742834543166665
1997-01-01,3.4402062413924948,0.7291975199658027,0.1602263333513661,0.04527164736082388,0.015297194858476153,0.0069153109022277795,0.005074945256427601,0.008405437268601705,0.014195026833296702,0.028970472044155655,0.05214855170645623,0.11638966891055456
1997-02-01,0.7291975199658027,0.1602263333513661,0.04527164736082388,0.015297194858476153,0.0069153109022277795,0.005074945256427601,0.008405437268601705,0.014195026833296702,0.028970472044155655,0.05214855170645623,0.11638966891055456,0.23963980189956352
1997-03-01,0.20267171050909044,0.10920341759089819,0.025297013437397105,0.008083797035368441,0.005349862331768634,0.008446748616261754,0.014186703804645399,0.028970472044155655,0.05214855170645623,0.11638966891055456,0.23963980189956352,0.5447647400635218
1997-04-01,0.15715224526345392,0.032796877371587825,0.008960161635223935,0.005556050138274409,0.008477732127006792,0.014180461533156923,0.028970472044155655,0.05214855170645623,0.11638966891055456,0.23963980189956352,0.5447647400635218,0.44554614253228253
1997-05-01,0.032796877371587825,0.008960161635223935,0.005556050138274409,0.008477732127006792,0.014180461533156923,0.028970472044155655,0.05214855170645623,0.11638966891055456,0.23963980189956352,0.5447647400635218,0.44554614253228253,0.41295874167965574
1997-06-01,0.008960161635223935,0.005556050138274409,0.008477732127006792,0.014180461533156923,0.028970472044155655,0.05214855170645623,0.11638966891055456,0.23963980189956352,0.5447647400635218,0.44554614253228253,0.41295874167965574,0.1416888935949585
1997-07-01,0.005556050138274409,0.008477732127006792,0.014180461533156923,0.028970472044155655,0.05214855170645623,0.11638966891055456,0.23963980189956352,0.5447647400635218,0.44554614253228253,0.41295874167965574,0.1416888935949585,0.039740577584116726
1997-08-01,0.008477732127006792,0.014180461533156923,0.028970472044155655,0.05214855170645623,0.11638966891055456,0.23963980189956352,0.5447647400635218,0.44554614253228253,0.41295874167965574,0.1416888935949585,0.039740577584116726,0.00696631059645761
1997-09-01,0.014180461533156923,0.028970472044155655,0.05214855170645623,0.11638966891055456,0.23963980189956352,0.5447647400635218,0.44554614253228253,0.41295874167965574,0.1416888935949585,0.039740577584116726,0.00696631059645761,0.008906118208150451
1997-10-01,0.028970472044155655,0.05214855170645623,0.11638966891055456,0.23963980189956352,0.5447647400635218,0.44554614253228253,0.41295874167965574,0.1416888935949585,0.039740577584116726,0.00696631059645761,0.008906118208150451,0.015110950077493596
1997-11-01,0.05214855170645623,0.11638966891055456,0.23963980189956352,0.5447647400635218,0.44554614253228253,0.41295874167965574,0.1416888935949585,0.039740577584116726,0.00696631059645761,0.008906118208150451,0.015110950077493596,0.028213602716886325
1997-12-01,0.11638966891055456,0.23963980189956352,0.5447647400635218,0.44554614253228253,0.41295874167965574,0.1416888935949585,0.039740577584116726,0.00696631059645761,0.008906118208150451,0.015110950077493596,0.028213602716886325,0.04353070638719484
1998-01-01,0.48491771242764703,1.9120905441807932,1.109908129548411,1.1964008812337323,0.5053112678636443,0.14542718267224533,0.011421117318252003,0.01033317463374817,0.018382225282811727,0.028213602716886325,0.04353070638719484,0.0980687303654819
1998-02-01,1.9120905441807932,1.109908129548411,1.1964008812337323,0.5053112678636443,0.14542718267224533,0.011421117318252003,0.01033317463374817,0.018382225282811727,0.028213602716886325,0.04353070638719484,0.0980687303654819,0.20002123867806026
1998-03-01,0.7302727083963376,0.7487196586314028,0.2975270539958238,0.08503483690760041,0.008875513477226635,0.009517713819120902,0.01651292516548708,0.028213602716886325,0.04353070638719484,0.0980687303654819,0.20002123867806026,0.1629890049810159
1998-04-01,0.41295874167965574,0.1416888935949585,0.039740577584116726,0.00696631059645761,0.008906118208150451,0.015110950077493596,0.028213602716886325,0.04353070638719484,0.0980687303654819,0.20002123867806026,0.1629890049810159,0.23381371111050553
1998-05-01,0.1416888935949585,0.039740577584116726,0.00696631059645761,0.008906118208150451,0.015110950077493596,0.028213602716886325,0.04353070638719484,0.0980687303654819,0.20002123867806026,0.1629890049810159,0.23381371111050553,0.22058755713836145
1998-06-01,0.039740577584116726,0.00696631059645761,0.008906118208150451,0.015110950077493596,0.028213602716886325,0.04353070638719484,0.0980687303654819,0.20002123867806026,0.1629890049810159,0.23381371111050553,0.22058755713836145,0.03887357762248661
1998-07-01,0.00696631059645761,0.008906118208150451,0.015110950077493596,0.028213602716886325,0.04353070638719484,0.0980687303654819,0.20002123867806026,0.1629890049810159,0.23381371111050553,0.22058755713836145,0.03887357762248661,0.011890017753301705
1998-08-01,0.008906118208150451,0.015110950077493596,0.028213602716886325,0.04353070638719484,0.0980687303654819,0.20002123867806026,0.1629890049810159,0.23381371111050553,0.22058755713836145,0.03887357762248661,0.011890017753301705,0.0058954688845426866
1998-09-01,0.015110950077493596,0.028213602716886325,0.04353070638719484,0.0980687303654819,0.20002123867806026,0.1629890049810159,0.23381371111050553,0.22058755713836145,0.03887357762248661,0.011890017753301705,0.0058954688845426866,0.008497613858013854
1998-10-01,0.028213602716886325,0.04353070638719484,0.0980687303654819,0.20002123867806026,0.1629890049810159,0.23381371111050553,0.22058755713836145,0.03887357762248661,0.011890017753301705,0.0058954688845426866,0.008497613858013854,0.014251147943423411
1998-11-01,0.04353070638719484,0.0980687303654819,0.20002123867806026,0.1629890049810159,0.23381371111050553,0.22058755713836145,0.03887357762248661,0.011890017753301705,0.0058954688845426866,0.008497613858013854,0.014251147943423411,0.027867843471738773
1998-12-01,0.0980687303654819,0.20002123867806026,0.1629890049810159,0.23381371111050553,0.22058755713836145,0.03887357762248661,0.011890017753301705,0.0058954688845426866,0.008497613858013854,0.014251147943423411,0.027867843471738773,0.04197332362441712
1999-01-01,0.21900915733385065,0.15187620054496742,0.15711218815041447,0.33587823380806003,0.04283797369501417,0.020138647916915303,0.006604285688053519,0.008494905058133485,0.01451519643665872,0.020413150181597638,0.03859459646010896,0.09155798240443594
1999-02-01,0.15187620054496742,0.15711218815041447,0.33587823380806003,0.04283797369501417,0.020138647916915303,0.006604285688053519,0.008494905058133485,0.01451519643665872,0.020413150181597638,0.03859459646010896,0.09155798240443594,0.2510250632837562
1999-03-01,0.20094162984189506,0.29353011232892856,0.04146690260211147,0.015603359747250658,0.006208189564532684,0.00849645294377941,0.014373823616125745,0.020413150181597638,0.03859459646010896,0.09155798240443594,0.2510250632837562,0.23882126018291094
1999-04-01,0.26176902121958,0.040438599282434456,0.012201893620002173,0.005911117471892059,0.008497613858013854,0.014267794000726017,0.020413150181597638,0.03859459646010896,0.09155798240443594,0.2510250632837562,0.23882126018291094,0.35446848157339217
1999-05-01,0.040438599282434456,0.012201893620002173,0.005911117471892059,0.008497613858013854,0.014267794000726017,0.020413150181597638,0.03859459646010896,0.09155798240443594,0.2510250632837562,0.23882126018291094,0.35446848157339217,0.21990955841643633
1999-06-01,0.012201893620002173,0.005911117471892059,0.008497613858013854,0.014267794000726017,0.020413150181597638,0.03859459646010896,0.09155798240443594,0.2510250632837562,0.23882126018291094,0.35446848157339217,0.21990955841643633,0.04063561492244142
1999-07-01,0.005911117471892059,0.008497613858013854,0.014267794000726017,0.020413150181597638,0.03859459646010896,0.09155798240443594,0.2510250632837562,0.23882126018291094,0.35446848157339217,0.21990955841643633,0.04063561492244142,0.011276681259742162
1999-08-01,0.008497613858013854,0.014267794000726017,0.020413150181597638,0.03859459646010896,0.09155798240443594,0.2510250632837562,0.23882126018291094,0.35446848157339217,0.21990955841643633,0.04063561492244142,0.011276681259742162,0.005701863639222687
1999-09-01,0.014267794000726017,0.020413150181597638,0.03859459646010896,0.09155798240443594,0.2510250632837562,0.23882126018291094,0.35446848157339217,0.21990955841643633,0.04063561492244142,0.011276681259742162,0.005701863639222687,0.008614800246467512
1999-10-01,0.020413150181597638,0.03859459646010896,0.09155798240443594,0.2510250632837562,0.23882126018291094,0.35446848157339217,0.21990955841643633,0.04063561492244142,0.011276681259742162,0.005701863639222687,0.008614800246467512,0.014322624860574827
1999-11-01,0.03859459646010896,0.09155798240443594,0.2510250632837562,0.23882126018291094,0.35446848157339217,0.21990955841643633,0.04063561492244142,0.011276681259742162,0.005701863639222687,0.008614800246467512,0.014322624860574827,0.032750416311218826
1999-12-01,0.09155798240443594,0.2510250632837562,0.23882126018291094,0.35446848157339217,0.21990955841643633,0.04063561492244142,0.011276681259742162,0.005701863639222687,0.008614800246467512,0.014322624860574827,0.032750416311218826,0.03691811237174595
2000-01-01,0.3630807341084254,0.4931213489534952,0.7000586552334043,0.14236296818376123,0.04372454407504551,0.01597519229574525,0.005660687367622675,0.009022243806174947,0.014785995992835683,0.032750416311218826,0.03691811237174595,0.09339758207812647
2000-02-01,0.4931213489534952,0.7000586552334043,0.14236296818376123,0.04372454407504551,0.01597519229574525,0.005660687367622675,0.009022243806174947,0.014785995992835683,0.032750416311218826,0.03691811237174595,0.09339758207812647,0.2037333581788185
2000-03-01,0.5025785559991116,0.16314304027030782,0.04195944170212888,0.013290328846600627,0.005675274615765898,0.008789418914913555,0.014631204200034316,0.032750416311218826,0.03691811237174595,0.09339758207812647,0.2037333581788185,0.15722570998136404
2000-04-01,0.1787280943352178,0.04063561492244142,0.011276681259742162,0.005686215051873314,0.008614800246467512,0.01451511035543329,0.032750416311218826,0.03691811237174595,0.09339758207812647,0.2037333581788185,0.15722570998136404,0.24731988239667355
2000-05-01,0.04063561492244142,0.011276681259742162,0.005686215051873314,0.008614800246467512,0.01451511035543329,0.032750416311218826,0.03691811237174595,0.09339758207812647,0.2037333581788185,0.15722570998136404,0.24731988239667355,0.21951932462390739
2000-06-01,0.011276681259742162,0.005686215051873314,0.008614800246467512,0.01451511035543329,0.032750416311218826,0.03691811237174595,0.09339758207812647,0.2037333581788185,0.15722570998136404,0.24731988239667355,0.21951932462390739,0.042894938166493125
2000-07-01,0.005686215051873314,0.008614800246467512,0.01451511035543329,0.032750416311218826,0.03691811237174595,0.09339758207812647,0.2037333581788185,0.15722570998136404,0.24731988239667355,0.21951932462390739,0.042894938166493125,0.009630503648900562
2000-08-01,0.008614800246467512,0.01451511035543329,0.032750416311218826,0.03691811237174595,0.09339758207812647,0.2037333581788185,0.15722570998136404,0.24731988239667355,0.21951932462390739,0.042894938166493125,0.009630503648900562,0.005820091205261378
2000-09-01,0.01451511035543329,0.032750416311218826,0.03691811237174595,0.09339758207812647,0.2037333581788185,0.15722570998136404,0.24731988239667355,0.21951932462390739,0.042894938166493125,0.009630503648900562,0.005820091205261378,0.008487255338744676
2000-10-01,0.032750416311218826,0.03691811237174595,0.09339758207812647,0.2037333581788185,0.15722570998136404,0.24731988239667355,0.21951932462390739,0.042894938166493125,0.009630503648900562,0.005820091205261378,0.008487255338744676,0.0143229406800742
2000-11-01,0.03691811237174595,0.09339758207812647,0.2037333581788185,0.15722570998136404,0.24731988239667355,0.21951932462390739,0.042894938166493125,0.009630503648900562,0.005820091205261378,0.008487255338744676,0.0143229406800742,0.02375029540242009
2000-12-01,0.09339758207812647,0.2037333581788185,0.15722570998136404,0.24731988239667355,0.21951932462390739,0.042894938166493125,0.009630503648900562,0.005820091205261378,0.008487255338744676,0.0143229406800742,0.02375029540242009,0.06101488843737663
2001-01-01,0.14789457130423195,0.12594137304653408,0.21538023669693412,0.33107118749301667,0.05423204970269071,0.008528408563620488,0.0062650861312876305,0.008448291721422179,0.01392123245371977,0.02843718423839769,0.06101488843737663,0.14395209775435636
2001-02-01,0.12594137304653408,0.21538023669693412,0.33107118749301667,0.05423204970269071,0.008528408563620488,0.0062650861312876305,0.008448291721422179,0.01392123245371977,0.02843718423839769,0.06101488843737663,0.14395209775435636,0.18928946492884413
2001-03-01,0.22215844685113315,0.2908595310427934,0.049310504959320815,0.008979962402808834,0.006019745366329413,0.008470556645606461,0.014150780011636586,0.02843718423839769,0.06101488843737663,0.14395209775435636,0.18928946492884413,0.16812132665156876
2001-04-01,0.2607007887051259,0.0456193464017934,0.009318627782200094,0.00583573979261075,0.008487255338744676,0.0143229406800742,0.02843718423839769,0.06101488843737663,0.14395209775435636,0.18928946492884413,0.16812132665156876,0.23049815398756598
2001-05-01,0.0456193464017934,0.009318627782200094,0.00583573979261075,0.008487255338744676,0.0143229406800742,0.02843718423839769,0.06101488843737663,0.14395209775435636,0.18928946492884413,0.16812132665156876,0.23049815398756598,0.21034460370956048
2001-06-01,0.009318627782200094,0.00583573979261075,0.008487255338744676,0.0143229406800742,0.02843718423839769,0.06101488843737663,0.14395209775435636,0.18928946492884413,0.16812132665156876,0.23049815398756598,0.21034460370956048,0.045229592166119256
2001-07-01,0.00583573979261075,0.008487255338744676,0.0143229406800742,0.02843718423839769,0.06101488843737663,0.14395209775435636,0.18928946492884413,0.16812132665156876,0.23049815398756598,0.21034460370956048,0.045229592166119256,0.00961669778326059
2001-08-01,0.008487255338744676,0.0143229406800742,0.02843718423839769,0.06101488843737663,0.14395209775435636,0.18928946492884413,0.16812132665156876,0.23049815398756598,0.21034460370956048,0.045229592166119256,0.00961669778326059,0.0056969167373550475
2001-09-01,0.0143229406800742,0.02843718423839769,0.06101488843737663,0.14395209775435636,0.18928946492884413,0.16812132665156876,0.23049815398756598,0.21034460370956048,0.045229592166119256,0.00961669778326059,0.0056969167373550475,0.008490459441810917
2001-10-01,0.02843718423839769,0.06101488843737663,0.14395209775435636,0.18928946492884413,0.16812132665156876,0.23049815398756598,0.21034460370956048,0.045229592166119256,0.00961669778326059,0.0056969167373550475,0.008490459441810917,0.01438201736767212
2001-11-01,0.06101488843737663,0.14395209775435636,0.18928946492884413,0.16812132665156876,0.23049815398756598,0.21034460370956048,0.045229592166119256,0.00961669778326059,0.0056969167373550475,0.008490459441810917,0.01438201736767212,0.025097057539708936
2001-12-01,0.14395209775435636,0.18928946492884413,0.16812132665156876,0.23049815398756598,0.21034460370956048,0.045229592166119256,0.00961669778326059,0.0056969167373550475,0.008490459441810917,0.01438201736767212,0.025097057539708936,0.09132371132598682
2002-01-01,0.16584272700737637,0.17556062236874595,0.23003245954046014,0.10446835501297219,0.052478155642157076,0.009869723568392726,0.005638426309218295,0.008462710185220264,0.01416301686105311,0.025097057539708936,0.09470243849029499,0.1437618548463681
2002-02-01,0.17556062236874595,0.23003245954046014,0.10446835501297219,0.052478155642157076,0.009869723568392726,0.005638426309218295,0.008462710185220264,0.01416301686105311,0.025097057539708936,0.09470243849029499,0.1437618548463681,0.14770061555884936
2002-03-01,0.23029857065309206,0.16496906855387977,0.04833611937013546,0.009725137405460077,0.005662907361096798,0.008478566903272065,0.014178168296344851,0.025097057539708936,0.09470243849029499,0.1437618548463681,0.14770061555884936,0.15307734558834746
2002-04-01,0.21034460370956048,0.045229592166119256,0.00961669778326059,0.005681268150005675,0.008490459441810917,0.014189531872813658,0.025097057539708936,0.09470243849029499,0.1437618548463681,0.14770061555884936,0.15307734558834746,0.21393007104016493
2002-05-01,0.045229592166119256,0.00961669778326059,0.005681268150005675,0.008490459441810917,0.014189531872813658,0.025097057539708936,0.09470243849029499,0.1437618548463681,0.14770061555884936,0.15307734558834746,0.21393007104016493,0.2730825543340193
2002-06-01,0.00961669778326059,0.005681268150005675,0.008490459441810917,0.014189531872813658,0.025097057539708936,0.09470243849029499,0.1437618548463681,0.14770061555884936,0.15307734558834746,0.21393007104016493,0.2730825543340193,0.10789829259200981
2002-07-01,0.005681268150005675,0.008490459441810917,0.014189531872813658,0.025097057539708936,0.09470243849029499,0.1437618548463681,0.14770061555884936,0.15307734558834746,0.21393007104016493,0.2730825543340193,0.10789829259200981,0.010055112476275097
2002-08-01,0.008490459441810917,0.014189531872813658,0.025097057539708936,0.09470243849029499,0.1437618548463681,0.14770061555884936,0.15307734558834746,0.21393007104016493,0.2730825543340193,0.10789829259200981,0.010055112476275097,0.006063629074253635
2002-09-01,0.014189531872813658,0.025097057539708936,0.09470243849029499,0.1437618548463681,0.14770061555884936,0.15307734558834746,0.21393007104016493,0.2730825543340193,0.10789829259200981,0.010055112476275097,0.006063629074253635,0.008818802464054504
2002-10-01,0.025097057539708936,0.09470243849029499,0.1437618548463681,0.14770061555884936,0.15307734558834746,0.21393007104016493,0.2730825543340193,0.10789829259200981,0.010055112476275097,0.006063629074253635,0.008818802464054504,0.014186064134748927
2002-11-01,0.09470243849029499,0.1437618548463681,0.14770061555884936,0.15307734558834746,0.21393007104016493,0.2730825543340193,0.10789829259200981,0.010055112476275097,0.006063629074253635,0.008818802464054504,0.014186064134748927,0.02512345270543081
2002-12-01,0.1437618548463681,0.14770061555884936,0.15307734558834746,0.21393007104016493,0.2730825543340193,0.10789829259200981,0.010055112476275097,0.006063629074253635,0.008818802464054504,0.014186064134748927,0.02512345270543081,0.040998242977486145
2003-01-01,0.06869141527140538,0.08665963255779018,0.15547608627715542,0.39434108469111,0.3344895243024777,0.011878736227691162,0.00736100654175279,0.009941446634650884,0.014145331282598993,0.02512345270543081,0.03761951581317798,0.13254152987888326
2003-02-01,0.08665963255779018,0.15547608627715542,0.39434108469111,0.3344895243024777,0.011878736227691162,0.00736100654175279,0.009941446634650884,0.014145331282598993,0.02512345270543081,0.03761951581317798,0.13254152987888326,0.1534710480589197
2003-03-01,0.1888783632845894,0.35957370445539305,0.20501895415392754,0.011001906841662152,0.006628590038810057,0.009305388705553424,0.014159095165368896,0.02512345270543081,0.03761951581317798,0.13254152987888326,0.1534710480589197,0.1698409370978709
2003-04-01,0.3334981692786053,0.10791602654251492,0.010344284802140395,0.006079277661603008,0.00882834525873033,0.014169418077446322,0.02512345270543081,0.03761951581317798,0.13254152987888326,0.1534710480589197,0.1698409370978709,0.20663016061202105
2003-05-01,0.10791602654251492,0.010344284802140395,0.006079277661603008,0.00882834525873033,0.014169418077446322,0.02512345270543081,0.03761951581317798,0.13254152987888326,0.1534710480589197,0.1698409370978709,0.20663016061202105,0.2596272138278989
2003-06-01,0.010344284802140395,0.006079277661603008,0.00882834525873033,0.014169418077446322,0.02512345270543081,0.03761951581317798,0.13254152987888326,0.1534710480589197,0.1698409370978709,0.20663016061202105,0.2596272138278989,0.037729333173337744
2003-07-01,0.006079277661603008,0.00882834525873033,0.014169418077446322,0.02512345270543081,0.03761951581317798,0.13254152987888326,0.1534710480589197,0.1698409370978709,0.20663016061202105,0.2596272138278989,0.037729333173337744,0.009240817878098415
2003-08-01,0.00882834525873033,0.014169418077446322,0.02512345270543081,0.03761951581317798,0.13254152987888326,0.1534710480589197,0.1698409370978709,0.20663016061202105,0.2596272138278989,0.037729333173337744,0.009240817878098415,0.005589188516595763
2003-09-01,0.014169418077446322,0.02512345270543081,0.03761951581317798,0.13254152987888326,0.1534710480589197,0.1698409370978709,0.20663016061202105,0.2596272138278989,0.037729333173337744,0.009240817878098415,0.005589188516595763,0.008491807327760337
2003-10-01,0.02512345270543081,0.03761951581317798,0.13254152987888326,0.1534710480589197,0.1698409370978709,0.20663016061202105,0.2596272138278989,0.037729333173337744,0.009240817878098415,0.005589188516595763,0.008491807327760337,0.014134191467118352
2003-11-01,0.03761951581317798,0.13254152987888326,0.1534710480589197,0.1698409370978709,0.20663016061202105,0.2596272138278989,0.037729333173337744,0.009240817878098415,0.005589188516595763,0.008491807327760337,0.014134191467118352,0.0739750633331887
2003-12-01,0.13254152987888326,0.1534710480589197,0.1698409370978709,0.20663016061202105,0.2596272138278989,0.037729333173337744,0.009240817878098415,0.005589188516595763,0.008491807327760337,0.014134191467118352,0.0739750633331887,0.04193115658392726
2004-01-01,0.094658361521722,0.16150682004435513,0.12255996157235,0.05436983329485779,0.018647187397367253,0.006876988528769103,0.005155605389220185,0.008427025945285911,0.013986811536123136,0.0739750633331887,0.04193115658392726,0.14108787492556085
2004-02-01,0.16150682004435513,0.12255996157235,0.05436983329485779,0.018647187397367253,0.006876988528769103,0.005155605389220185,0.008427025945285911,0.013986811536123136,0.0739750633331887,0.04193115658392726,0.14108787492556085,0.36417210288556356
2004-03-01,0.17029594832343986,0.13713655648826067,0.0295411370119189,0.008062506827891398,0.005403367176291944,0.00846404387812844,0.014071028639548974,0.0739750633331887,0.04193115658392726,0.14108787492556085,0.36417210288556356,0.3034598717177224
2004-04-01,0.19921159888331286,0.03771159922283263,0.008951645552233118,0.005589188516595763,0.008491807327760337,0.014134191467118352,0.0739750633331887,0.04193115658392726,0.14108787492556085,0.36417210288556356,0.3034598717177224,0.3723760096798674
2004-05-01,0.03771159922283263,0.008951645552233118,0.005589188516595763,0.008491807327760337,0.014134191467118352,0.0739750633331887,0.04193115658392726,0.14108787492556085,0.36417210288556356,0.3034598717177224,0.3723760096798674,0.3184925432283331
2004-06-01,0.008951645552233118,0.005589188516595763,0.008491807327760337,0.014134191467118352,0.0739750633331887,0.04193115658392726,0.14108787492556085,0.36417210288556356,0.3034598717177224,0.3723760096798674,0.3184925432283331,0.1349572432746207
2004-07-01,0.005589188516595763,0.008491807327760337,0.014134191467118352,0.0739750633331887,0.04193115658392726,0.14108787492556085,0.36417210288556356,0.3034598717177224,0.3723760096798674,0.3184925432283331,0.1349572432746207,0.011583148784767943
2004-08-01,0.008491807327760337,0.014134191467118352,0.0739750633331887,0.04193115658392726,0.14108787492556085,0.36417210288556356,0.3034598717177224,0.3723760096798674,0.3184925432283331,0.1349572432746207,0.011583148784767943,0.006262641615412358
2004-09-01,0.014134191467118352,0.0739750633331887,0.04193115658392726,0.14108787492556085,0.36417210288556356,0.3034598717177224,0.3723760096798674,0.3184925432283331,0.1349572432746207,0.011583148784767943,0.006262641615412358,0.008598755580643307
2004-10-01,0.0739750633331887,0.04193115658392726,0.14108787492556085,0.36417210288556356,0.3034598717177224,0.3723760096798674,0.3184925432283331,0.1349572432746207,0.011583148784767943,0.006262641615412358,0.008598755580643307,0.014319139590243071
2004-11-01,0.04193115658392726,0.14108787492556085,0.36417210288556356,0.3034598717177224,0.3723760096798674,0.3184925432283331,0.1349572432746207,0.011583148784767943,0.006262641615412358,0.008598755580643307,0.014319139590243071,0.026066064383631328
2004-12-01,0.14108787492556085,0.36417210288556356,0.3034598717177224,0.3723760096798674,0.3184925432283331,0.1349572432746207,0.011583148784767943,0.006262641615412358,0.008598755580643307,0.014319139590243071,0.026066064383631328,0.03786619669826132
2005-01-01,1.042813108241619,0.7845840751664371,0.8708112823913458,0.5911340828474491,0.45625480237422666,0.018754899615908975,0.008204580977815255,0.008908617841875273,0.014821158847347192,0.021379175547653728,0.03687082324172676,0.155901922091863
2005-02-01,0.7845840751664371,0.8708112823913458,0.5911340828474491,0.45625480237422666,0.018754899615908975,0.008204580977815255,0.008908617841875273,0.014821158847347192,0.021379175547653728,0.03687082324172676,0.155901922091863,0.23748467426048453
2005-03-01,0.5859911265562152,0.43533891735081137,0.2726663308604547,0.01482199761289427,0.0071791831429354,0.008733038303415874,0.014543802733174897,0.021379175547653728,0.03687082324172676,0.155901922091863,0.23748467426048453,0.19879565458049425
2005-04-01,0.3184925432283331,0.1349749772251258,0.01187232111063324,0.006410134766775507,0.008601353649571323,0.014335785647545677,0.021379175547653728,0.03687082324172676,0.155901922091863,0.23748467426048453,0.19879565458049425,0.4092123438963086
2005-05-01,0.1349749772251258,0.01187232111063324,0.006410134766775507,0.008601353649571323,0.014335785647545677,0.021379175547653728,0.03687082324172676,0.155901922091863,0.23748467426048453,0.19879565458049425,0.4092123438963086,0.6802780225334171
2005-06-01,0.01187232111063324,0.006410134766775507,0.008601353649571323,0.014335785647545677,0.021379175547653728,0.03687082324172676,0.155901922091863,0.23748467426048453,0.19879565458049425,0.4092123438963086,0.6802780225334171,0.08221973534372054
2005-07-01,0.006410134766775507,0.008601353649571323,0.014335785647545677,0.021379175547653728,0.03687082324172676,0.155901922091863,0.23748467426048453,0.19879565458049425,0.4092123438963086,0.6802780225334171,0.08221973534372054,0.011028359597752042
2005-08-01,0.008601353649571323,0.014335785647545677,0.021379175547653728,0.03687082324172676,0.155901922091863,0.23748467426048453,0.19879565458049425,0.4092123438963086,0.6802780225334171,0.08221973534372054,0.011028359597752042,0.006774612346670926
2005-09-01,0.014335785647545677,0.021379175547653728,0.03687082324172676,0.155901922091863,0.23748467426048453,0.19879565458049425,0.4092123438963086,0.6802780225334171,0.08221973534372054,0.011028359597752042,0.006774612346670926,0.008536939201389482
2005-10-01,0.021379175547653728,0.03687082324172676,0.155901922091863,0.23748467426048453,0.19879565458049425,0.4092123438963086,0.6802780225334171,0.08221973534372054,0.011028359597752042,0.006774612346670926,0.008536939201389482,0.014153217801630506
2005-11-01,0.03687082324172676,0.155901922091863,0.23748467426048453,0.19879565458049425,0.4092123438963086,0.6802780225334171,0.08221973534372054,0.011028359597752042,0.006774612346670926,0.008536939201389482,0.014153217801630506,0.020911727422687446
2005-12-01,0.155901922091863,0.23748467426048453,0.19879565458049425,0.4092123438963086,0.6802780225334171,0.08221973534372054,0.011028359597752042,0.006774612346670926,0.008536939201389482,0.014153217801630506,0.020911727422687446,0.03507345902450637
2006-01-01,0.47759312788376546,0.2927816660605726,1.036574786365331,2.219168739720327,0.2188562139079029,0.014957072807943584,0.00984473008734464,0.008618752825056992,0.013997522783566098,0.016765894166648882,0.03507345902450637,0.11947231993062807
2006-02-01,0.2927816660605726,1.036574786365331,2.219168739720327,0.2188562139079029,0.014957072807943584,0.00984473008734464,0.008618752825056992,0.013997522783566098,0.016765894166648882,0.03507345902450637,0.11947231993062807,0.1845485154448046
2006-03-01,0.6780819620973182,1.3398026156135212,0.14077822615694155,0.012712093830691273,0.008090377092673946,0.008572002182961273,0.01407697933257284,0.016765894166648882,0.03507345902450637,0.11947231993062807,0.1845485154448046,0.15976745235442533
2006-04-01,0.6802780225334171,0.08221973534372054,0.011028359597752042,0.006774612346670926,0.008536939201389482,0.0141365717443279,0.016765894166648882,0.03507345902450637,0.11947231993062807,0.1845485154448046,0.15976745235442533,0.19405142782721477
2006-05-01,0.08221973534372054,0.011028359597752042,0.006774612346670926,0.008536939201389482,0.0141365717443279,0.016765894166648882,0.03507345902450637,0.11947231993062807,0.1845485154448046,0.15976745235442533,0.19405142782721477,0.19839811885499595
2006-06-01,0.011028359597752042,0.006774612346670926,0.008536939201389482,0.0141365717443279,0.016765894166648882,0.03507345902450637,0.11947231993062807,0.1845485154448046,0.15976745235442533,0.19405142782721477,0.19839811885499595,0.03705928634909729
2006-07-01,0.006774612346670926,0.008536939201389482,0.0141365717443279,0.016765894166648882,0.03507345902450637,0.11947231993062807,0.1845485154448046,0.15976745235442533,0.19405142782721477,0.19839811885499595,0.03705928634909729,0.009046441302093318
2006-08-01,0.008536939201389482,0.0141365717443279,0.016765894166648882,0.03507345902450637,0.11947231993062807,0.1845485154448046,0.15976745235442533,0.19405142782721477,0.19839811885499595,0.03705928634909729,0.009046441302093318,0.00571770307943375
2006-09-01,0.0141365717443279,0.016765894166648882,0.03507345902450637,0.11947231993062807,0.1845485154448046,0.15976745235442533,0.19405142782721477,0.19839811885499595,0.03705928634909729,0.009046441302093318,0.00571770307943375,0.008539014540144819
2006-10-01,0.016765894166648882,0.03507345902450637,0.11947231993062807,0.1845485154448046,0.15976745235442533,0.19405142782721477,0.19839811885499595,0.03705928634909729,0.009046441302093318,0.00571770307943375,0.008539014540144819,0.014278359598217263
2006-11-01,0.03507345902450637,0.11947231993062807,0.1845485154448046,0.15976745235442533,0.19405142782721477,0.19839811885499595,0.03705928634909729,0.009046441302093318,0.00571770307943375,0.008539014540144819,0.014278359598217263,0.016450162336278593
2006-12-01,0.11947231993062807,0.1845485154448046,0.15976745235442533,0.19405142782721477,0.19839811885499595,0.03705928634909729,0.009046441302093318,0.00571770307943375,0.008539014540144819,0.014278359598217263,0.016450162336278593,0.03418546263983934
2007-01-01,0.06393626883314334,0.10312760667087671,0.06835066405440868,0.05070917316743177,0.01563419343209836,0.006038440477479322,0.005088638384777344,0.008628091849456008,0.014635568126068234,0.016344817834672478,0.03418546263983934,0.1075134083184825
2007-02-01,0.10312760667087671,0.06835066405440868,0.05070917316743177,0.01563419343209836,0.006038440477479322,0.005088638384777344,0.008628091849456008,0.014635568126068234,0.016344817834672478,0.03418546263983934,0.1075134083184825,0.2182464694889259
2007-03-01,0.14017967192458355,0.13510285641746844,0.027877103670383464,0.007757298091544462,0.005448103924581005,0.008577190529849614,0.01443144896729625,0.016344817834672478,0.03418546263983934,0.1075134083184825,0.2182464694889259,0.17917645510995692
2007-04-01,0.19839811885499595,0.03705928634909729,0.009046441302093318,0.00571770307943375,0.008539014540144819,0.014278359598217263,0.016344817834672478,0.03418546263983934,0.1075134083184825,0.2182464694889259,0.17917645510995692,0.21727033338163934
2007-05-01,0.03705928634909729,0.009046441302093318,0.00571770307943375,0.008539014540144819,0.014278359598217263,0.016344817834672478,0.03418546263983934,0.1075134083184825,0.2182464694889259,0.17917645510995692,0.21727033338163934,0.2016723389104129
2007-06-01,0.009046441302093318,0.00571770307943375,0.008539014540144819,0.014278359598217263,0.016344817834672478,0.03418546263983934,0.1075134083184825,0.2182464694889259,0.17917645510995692,0.21727033338163934,0.2016723389104129,0.039155256506836114
2007-07-01,0.00571770307943375,0.008539014540144819,0.014278359598217263,0.016344817834672478,0.03418546263983934,0.1075134083184825,0.2182464694889259,0.17917645510995692,0.21727033338163934,0.2016723389104129,0.039155256506836114,0.009272305774007542
2007-08-01,0.008539014540144819,0.014278359598217263,0.016344817834672478,0.03418546263983934,0.1075134083184825,0.2182464694889259,0.17917645510995692,0.21727033338163934,0.2016723389104129,0.039155256506836114,0.009272305774007542,0.006023175385921665
2007-09-01,0.014278359598217263,0.016344817834672478,0.03418546263983934,0.1075134083184825,0.2182464694889259,0.17917645510995692,0.21727033338163934,0.2016723389104129,0.039155256506836114,0.009272305774007542,0.006023175385921665,0.00849412050801201
2007-10-01,0.016344817834672478,0.03418546263983934,0.1075134083184825,0.2182464694889259,0.17917645510995692,0.21727033338163934,0.2016723389104129,0.039155256506836114,0.009272305774007542,0.006023175385921665,0.00849412050801201,0.01410544085481865
2007-11-01,0.03418546263983934,0.1075134083184825,0.2182464694889259,0.17917645510995692,0.21727033338163934,0.2016723389104129,0.039155256506836114,0.009272305774007542,0.006023175385921665,0.00849412050801201,0.01410544085481865,0.018809971967478606
2007-12-01,0.1075134083184825,0.2182464694889259,0.17917645510995692,0.21727033338163934,0.2016723389104129,0.039155256506836114,0.009272305774007542,0.006023175385921665,0.00849412050801201,0.01410544085481865,0.018809971967478606,0.04012566965748782
2008-01-01,0.21557706203168908,0.19208121392231337,0.1728357390493193,0.06544316341680805,0.02506605914192308,0.007018684060360169,0.006489719136022515,0.008425743946242363,0.013857433780774475,0.018915316469084717,0.037935030956273076,0.11143267579852682
2008-02-01,0.19208121392231337,0.1728357390493193,0.06544316341680805,0.02506605914192308,0.007018684060360169,0.006489719136022515,0.008425743946242363,0.013857433780774475,0.018915316469084717,0.037935030956273076,0.11143267579852682,0.2116664674239042
2008-03-01,0.19822693581064502,0.14328840655601083,0.03311702906473053,0.008141226567664212,0.006344061551048552,0.00846333165643758,0.013999152108799717,0.018915316469084717,0.037935030956273076,0.11143267579852682,0.2116664674239042,0.17155475800296122
2008-04-01,0.2016723389104129,0.039155256506836114,0.008983133448142245,0.006234818362318081,0.008491522439083993,0.01410544085481865,0.018915316469084717,0.037935030956273076,0.11143267579852682,0.2116664674239042,0.17155475800296122,0.2162062759807608
2008-05-01,0.039155256506836114,0.008983133448142245,0.006234818362318081,0.008491522439083993,0.01410544085481865,0.018915316469084717,0.037935030956273076,0.11143267579852682,0.2116664674239042,0.17155475800296122,0.2162062759807608,0.21410802336817164
2008-06-01,0.008983133448142245,0.006234818362318081,0.008491522439083993,0.01410544085481865,0.018915316469084717,0.037935030956273076,0.11143267579852682,0.2116664674239042,0.17155475800296122,0.2162062759807608,0.21410802336817164,0.04067379738114699
2008-07-01,0.006234818362318081,0.008491522439083993,0.01410544085481865,0.018915316469084717,0.037935030956273076,0.11143267579852682,0.2116664674239042,0.17155475800296122,0.2162062759807608,0.21410802336817164,0.04067379738114699,0.010428736395510646
2008-08-01,0.008491522439083993,0.01410544085481865,0.018915316469084717,0.037935030956273076,0.11143267579852682,0.2116664674239042,0.17155475800296122,0.2162062759807608,0.21410802336817164,0.04067379738114699,0.010428736395510646,0.006006038578844896
2008-09-01,0.01410544085481865,0.018915316469084717,0.037935030956273076,0.11143267579852682,0.2116664674239042,0.17155475800296122,0.2162062759807608,0.21410802336817164,0.04067379738114699,0.010428736395510646,0.006006038578844896,0.008513991006407736
2008-10-01,0.018915316469084717,0.037935030956273076,0.11143267579852682,0.2116664674239042,0.17155475800296122,0.2162062759807608,0.21410802336817164,0.04067379738114699,0.010428736395510646,0.006006038578844896,0.008513991006407736,0.014113785158449618
2008-11-01,0.037935030956273076,0.11143267579852682,0.2116664674239042,0.17155475800296122,0.2162062759807608,0.21410802336817164,0.04067379738114699,0.010428736395510646,0.006006038578844896,0.008513991006407736,0.014113785158449618,0.05278894596806574
2008-12-01,0.11143267579852682,0.2116664674239042,0.17155475800296122,0.2162062759807608,0.21410802336817164,0.04067379738114699,0.010428736395510646,0.006006038578844896,0.008513991006407736,0.014113785158449618,0.05278894596806574,0.03287879608748335
2009-01-01,0.18558570881662906,0.09809906743368398,0.16641945598497415,0.11625606046657,0.03189727633250885,0.013523897323517978,0.005433754738343624,0.008526852499199204,0.013893276045453725,0.05886508535089467,0.032829073354064923,0.11365877930667727
2009-02-01,0.09809906743368398,0.16641945598497415,0.11625606046657,0.03189727633250885,0.013523897323517978,0.005433754738343624,0.008526852499199204,0.013893276045453725,0.05886508535089467,0.032829073354064923,0.11365877930667727,0.20302826944538543
2009-03-01,0.1874266685064898,0.14863920264964603,0.036902297531442,0.011755233936085217,0.005639835232117827,0.008519503074746936,0.014011477359576592,0.05886508535089467,0.032829073354064923,0.11365877930667727,0.20302826944538543,0.18506198870031085
2009-04-01,0.17292655928695308,0.040656063430641876,0.010428736395510646,0.005794395602448479,0.008513991006407736,0.014100128345168743,0.05886508535089467,0.032829073354064923,0.11365877930667727,0.20302826944538543,0.18506198870031085,0.2620418149614326
2009-05-01,0.040656063430641876,0.010428736395510646,0.005794395602448479,0.008513991006407736,0.014100128345168743,0.05886508535089467,0.032829073354064923,0.11365877930667727,0.20302826944538543,0.18506198870031085,0.2620418149614326,0.25440482674044806
2009-06-01,0.010428736395510646,0.005794395602448479,0.008513991006407736,0.014100128345168743,0.05886508535089467,0.032829073354064923,0.11365877930667727,0.20302826944538543,0.18506198870031085,0.2620418149614326,0.25440482674044806,0.08208856599865913
2009-07-01,0.005794395602448479,0.008513991006407736,0.014100128345168743,0.05886508535089467,0.032829073354064923,0.11365877930667727,0.20302826944538543,0.18506198870031085,0.2620418149614326,0.25440482674044806,0.08208856599865913,0.01137017857753761
2009-08-01,0.008513991006407736,0.014100128345168743,0.05886508535089467,0.032829073354064923,0.11365877930667727,0.20302826944538543,0.18506198870031085,0.2620418149614326,0.25440482674044806,0.08208856599865913,0.01137017857753761,0.005977010529838366
2009-09-01,0.014100128345168743,0.05886508535089467,0.032829073354064923,0.11365877930667727,0.20302826944538543,0.18506198870031085,0.2620418149614326,0.25440482674044806,0.08208856599865913,0.01137017857753761,0.005977010529838366,0.008506885031730938
2009-10-01,0.05886508535089467,0.032829073354064923,0.11365877930667727,0.20302826944538543,0.18506198870031085,0.2620418149614326,0.25440482674044806,0.08208856599865913,0.01137017857753761,0.005977010529838366,0.008506885031730938,0.014108945222382369
2009-11-01,0.032829073354064923,0.11365877930667727,0.20302826944538543,0.18506198870031085,0.2620418149614326,0.25440482674044806,0.08208856599865913,0.01137017857753761,0.005977010529838366,0.008506885031730938,0.014108945222382369,0.033656563049936986
2009-12-01,0.11365877930667727,0.20302826944538543,0.18506198870031085,0.2620418149614326,0.25440482674044806,0.08208856599865913,0.01137017857753761,0.005977010529838366,0.008506885031730938,0.014108945222382369,0.033656563049936986,0.04294447224138506
2010-01-01,0.15715219808943018,0.21695302022736157,0.43128827277210124,0.4829082640072976,0.21834353788858651,0.01779653368337247,0.0062819772836476715,0.008494875613153614,0.01393295199291504,0.033656563049936986,0.04294447224138506,0.2720615291313474
2010-02-01,0.21695302022736157,0.43128827277210124,0.4829082640072976,0.21834353788858651,0.01779653368337247,0.0062819772836476715,0.008494875613153614,0.01393295199291504,0.033656563049936986,0.04294447224138506,0.2720615291313474,0.24814165119298814
2010-03-01,0.3345760111660048,0.3523348712833836,0.14048355395148515,0.014289572094818435,0.0062286494108403055,0.00850173813805494,0.014033519552610656,0.033656563049936986,0.04294447224138506,0.2720615291313474,0.24814165119298814,0.2254664767842698
2010-04-01,0.25440482674044806,0.08208856599865913,0.011659350903402907,0.006188653506234783,0.008506885031730938,0.014108945222382369,0.033656563049936986,0.04294447224138506,0.2720615291313474,0.24814165119298814,0.2254664767842698,0.40911764363040115
2010-05-01,0.08208856599865913,0.011659350903402907,0.006188653506234783,0.008506885031730938,0.014108945222382369,0.033656563049936986,0.04294447224138506,0.2720615291313474,0.24814165119298814,0.2254664767842698,0.40911764363040115,0.37111356131344775
2010-06-01,0.011659350903402907,0.006188653506234783,0.008506885031730938,0.014108945222382369,0.033656563049936986,0.04294447224138506,0.2720615291313474,0.24814165119298814,0.2254664767842698,0.40911764363040115,0.37111356131344775,0.14858246003990538
2010-07-01,0.006188653506234783,0.008506885031730938,0.014108945222382369,0.033656563049936986,0.04294447224138506,0.2720615291313474,0.24814165119298814,0.2254664767842698,0.40911764363040115,0.37111356131344775,0.14858246003990538,0.09206972319192497
2010-08-01,0.008506885031730938,0.014108945222382369,0.033656563049936986,0.04294447224138506,0.2720615291313474,0.24814165119298814,0.2254664767842698,0.40911764363040115,0.37111356131344775,0.14858246003990538,0.09206972319192497,0.016005020335367527
2010-09-01,0.014108945222382369,0.033656563049936986,0.04294447224138506,0.2720615291313474,0.24814165119298814,0.2254664767842698,0.40911764363040115,0.37111356131344775,0.14858246003990538,0.09206972319192497,0.016005020335367527,0.008812214381364676
2010-10-01,0.033656563049936986,0.04294447224138506,0.2720615291313474,0.24814165119298814,0.2254664767842698,0.40911764363040115,0.37111356131344775,0.14858246003990538,0.09206972319192497,0.016005020335367527,0.008812214381364676,0.014171516876363519
2010-11-01,0.04294447224138506,0.2720615291313474,0.24814165119298814,0.2254664767842698,0.40911764363040115,0.37111356131344775,0.14858246003990538,0.09206972319192497,0.016005020335367527,0.008812214381364676,0.014171516876363519,0.02466790367967575
2010-12-01,0.2720615291313474,0.24814165119298814,0.2254664767842698,0.40911764363040115,0.37111356131344775,0.14858246003990538,0.09206972319192497,0.016005020335367527,0.008812214381364676,0.014171516876363519,0.02466790367967575,0.03265092315694595
2011-01-01,0.478602453124033,0.39877321660517673,1.09312950178246,1.008097569585796,0.5175660610741946,0.37964320898172177,0.050468959982946864,0.009869931631069102,0.014216231537490324,0.02466790367967575,0.03265092315694595,0.0954364376098248
2011-02-01,0.39877321660517673,1.09312950178246,1.008097569585796,0.5175660610741946,0.37964320898172177,0.050468959982946864,0.009869931631069102,0.014216231537490324,0.02466790367967575,0.03265092315694595,0.0954364376098248,0.16210860613788078
2011-03-01,0.7022655828384263,0.6441067077158827,0.30671828905460075,0.2153155028161236,0.030836226324681373,0.009270431234957615,0.01419848419586408,0.02466790367967575,0.03265092315694595,0.0954364376098248,0.16210860613788078,0.14616050765771837
2011-04-01,0.37111356131344775,0.14858246003990538,0.09206972319192497,0.016111676080982257,0.008820805937873998,0.014185173689644394,0.02466790367967575,0.03265092315694595,0.0954364376098248,0.16210860613788078,0.14616050765771837,0.19182165571968307
2011-05-01,0.14858246003990538,0.09206972319192497,0.016111676080982257,0.008820805937873998,0.014185173689644394,0.02466790367967575,0.03265092315694595,0.0954364376098248,0.16210860613788078,0.14616050765771837,0.19182165571968307,0.1722931716207584
2011-06-01,0.09206972319192497,0.016111676080982257,0.008820805937873998,0.014185173689644394,0.02466790367967575,0.03265092315694595,0.0954364376098248,0.16210860613788078,0.14616050765771837,0.19182165571968307,0.1722931716207584,0.043233641059350854
2011-07-01,0.016111676080982257,0.008820805937873998,0.014185173689644394,0.02466790367967575,0.03265092315694595,0.0954364376098248,0.16210860613788078,0.14616050765771837,0.19182165571968307,0.1722931716207584,0.043233641059350854,0.009442459748739529
2011-08-01,0.008820805937873998,0.014185173689644394,0.02466790367967575,0.03265092315694595,0.0954364376098248,0.16210860613788078,0.14616050765771837,0.19182165571968307,0.1722931716207584,0.043233641059350854,0.009442459748739529,0.006087996557959526
2011-09-01,0.014185173689644394,0.02466790367967575,0.03265092315694595,0.0954364376098248,0.16210860613788078,0.14616050765771837,0.19182165571968307,0.1722931716207584,0.043233641059350854,0.009442459748739529,0.006087996557959526,0.008897977814314248
2011-10-01,0.02466790367967575,0.03265092315694595,0.0954364376098248,0.16210860613788078,0.14616050765771837,0.19182165571968307,0.1722931716207584,0.043233641059350854,0.009442459748739529,0.006087996557959526,0.008897977814314248,0.014107735770634849
2011-11-01,0.03265092315694595,0.0954364376098248,0.16210860613788078,0.14616050765771837,0.19182165571968307,0.1722931716207584,0.043233641059350854,0.009442459748739529,0.006087996557959526,0.008897977814314248,0.014107735770634849,0.0224849696361404
2011-12-01,0.0954364376098248,0.16210860613788078,0.14616050765771837,0.19182165571968307,0.1722931716207584,0.043233641059350854,0.009442459748739529,0.006087996557959526,0.008897977814314248,0.014107735770634849,0.0224849696361404,0.04283247968777991
2012-01-01,0.09145375037604991,0.04189635553569537,0.11529755618422846,0.11340581596869405,0.04349859240551238,0.007820523487387272,0.005362402129344567,0.010217968486599631,0.013867760901947373,0.021190760947188806,0.04283247968777991,0.13285827416008303
2012-02-01,0.04189635553569537,0.11529755618422846,0.11340581596869405,0.04349859240551238,0.007820523487387272,0.005362402129344567,0.010217968486599631,0.013867760901947373,0.021190760947188806,0.04283247968777991,0.13285827416008303,0.1575001683340358
2012-03-01,0.1590256130616311,0.1470557334841594,0.04335732532228015,0.00874734420815999,0.005777027517124543,0.00946717798380525,0.014004889398340216,0.021190760947188806,0.04283247968777991,0.13285827416008303,0.1575001683340358,0.1464642695376903
2012-04-01,0.1722931716207584,0.043251375009855965,0.009442459748739529,0.006087996557959526,0.008904085106709463,0.014107735770634849,0.021190760947188806,0.04283247968777991,0.13285827416008303,0.1575001683340358,0.1464642695376903,0.182743537745932
2012-05-01,0.043251375009855965,0.009442459748739529,0.006087996557959526,0.008904085106709463,0.014107735770634849,0.021190760947188806,0.04283247968777991,0.13285827416008303,0.1575001683340358,0.1464642695376903,0.182743537745932,0.16047919988637063
2012-06-01,0.009442459748739529,0.006087996557959526,0.008904085106709463,0.014107735770634849,0.021190760947188806,0.04283247968777991,0.13285827416008303,0.1575001683340358,0.1464642695376903,0.182743537745932,0.16047919988637063,0.03701823273033814
2012-07-01,0.006087996557959526,0.008904085106709463,0.014107735770634849,0.021190760947188806,0.04283247968777991,0.13285827416008303,0.1575001683340358,0.1464642695376903,0.182743537745932,0.16047919988637063,0.03701823273033814,0.009092999092951332
2012-08-01,0.008904085106709463,0.014107735770634849,0.021190760947188806,0.04283247968777991,0.13285827416008303,0.1575001683340358,0.1464642695376903,0.182743537745932,0.16047919988637063,0.03701823273033814,0.009092999092951332,0.006034879054298154
2012-09-01,0.014107735770634849,0.021190760947188806,0.04283247968777991,0.13285827416008303,0.1575001683340358,0.1464642695376903,0.182743537745932,0.16047919988637063,0.03701823273033814,0.009092999092951332,0.006034879054298154,0.008500531491175564
2012-10-01,0.021190760947188806,0.04283247968777991,0.13285827416008303,0.1575001683340358,0.1464642695376903,0.182743537745932,0.16047919988637063,0.03701823273033814,0.009092999092951332,0.006034879054298154,0.008500531491175564,0.014367986100872926
2012-11-01,0.04283247968777991,0.13285827416008303,0.1575001683340358,0.1464642695376903,0.182743537745932,0.16047919988637063,0.03701823273033814,0.009092999092951332,0.006034879054298154,0.008500531491175564,0.014367986100872926,0.021560756835976223
2012-12-01,0.13285827416008303,0.1575001683340358,0.1464642695376903,0.182743537745932,0.16047919988637063,0.03701823273033814,0.009092999092951332,0.006034879054298154,0.008500531491175564,0.014367986100872926,0.021560756835976223,0.032105054760561726
2013-01-01,0.06902123833911256,0.042284666651156586,0.07360594217281405,0.055047925142312416,0.015447235403869046,0.006118987495578288,0.005065149378696606,0.00840121380514769,0.015038887388018713,0.016778826142098885,0.031183990788870988,0.09360966463437062
